year,event_id,fleet_class,rank,sail_number,boat_name,boat_type,owner_skipper
2015,1439,Classics,4,CAN 7315,7315,Star,John Hokanson
2015,1439,Alpha A3,8,CAN 99050,Agent 99,C&C 99,Rob Crutcher
2015,1439,Alpha A1,1,Can 430,Agincourt,N/M 43CR,Bob Cragg
2015,1439,International One Design,5,CAN 4,Aileen,IOD,Michael Kelley
2015,1439,Non-Spinnaker D1,2,CAN B96,Akubra,J 44,Reginald Goodday
2015,1439,Bluenose,13,CAN 154,All That JAS,Bluenose,Steve Stairs
2015,1439,Bravo B3,8,CAN 203,Ascent,Kirby 25,David Bezanson
2015,1439,Non-Spinnaker D2,4,CAN 20250,Aspire II,Catalina 27,James Gaw
2015,1439,Bluenose,6,B 227,Barbarian,Bluenose,Keith Fox
2015,1439,Bravo B2,4,CAN 33149,Bazinga!,C&C 33,Donald K Walker
2015,1439,International One Design,4,CAN 10,Bella,IOD,Ted Murphy
2015,1439,Sonar,1,CAN 834,Bella Rena,Sonar,Henry Demone
2015,1439,Alpha A2,5,CAN 51450,Black Pearl,J 120,Ross Leighton
2015,1439,Bravo B1,12,CAN 610,Blackjack,J 70,Kim Gibson
2015,1439,Alpha A1,4,CAN 35038,Brigand,ID35,Shawn Mulrooney
2015,1439,Alpha A2,3,CAN 144,Brilliance,J 120,Richard Calder
2015,1439,Alpha A1,6,USA 39503,Chaos,Farr 395,Mark Gosine
2015,1439,Alpha A1,3,CAN 35026,Climax,1D35,Nathan Reece / Emmanuel Comtois
2015,1439,Alpha A3,9,CAN 25444,Crackerjack!!!,J 35,John Traves
2015,1439,Bluenose,4,CAN 279,Dart,Bluenose,John Grantmyre
2015,1439,Alpha A2,1,CAN 50271,Deviation,J 120,Stu McCrea
2015,1439,Non-Spinnaker D2,6,CAN 504,Domino,Dullia 30,Bob  Fraser
2015,1439,Sonar,3,CAN 571,Echo,Sonar,John Whynacht
2015,1439,International One Design,3,CAN 7,Elida,IOD,Jay Nadelson
2015,1439,Bluenose,8,CAN B45,Esprit,Bluenose,Andrew Murphy
2015,1439,Bravo B1,7,CAN 235,Favourite Child,J 29,Carlisle & Erin Norwood
2015,1439,Bluenose,20,CAN 274,Feather,Bluenose,Sara Filbee
2015,1439,Bluenose,1,CAN 101,Fish 'n Chips,Bluenose,Christian Luthi
2015,1439,Alpha A3,6,CAN 21,Five of Harts,Beneteau First 10R,Gordon  Hart
2015,1439,Bravo B2,1,CAN 256,Flux,J 30,Jordan MacNeil
2015,1439,Bravo B1,8,USA 121,Goat Whisperer,J 80,Dale Robertson
2015,1439,Alpha A2,8,CAN 15005,Grand Cru,J 120,Mike Kennedy
2015,1439,Bluenose,12,162,Hackmatack,Bluenose,Nicholas Lewin
2015,1439,Bravo B1,2,CAN 57,Head Games,J 29 FR OB,Terry Schnare
2015,1439,Sonar,6,CAN 355,Hearts3,Sonar,Graham Eisenhauer
2015,1439,Alpha A1,7,CAN 54340,Helms Deep,Soto 40,Mike Sutton
2015,1439,Bravo B2,2,CAN 34440,Highlander,DB1,Dan Pride
2015,1439,J 24,6,CAN 2113,Hold Fast,J 24,Daniel Males
2015,1439,Bluenose,16,CAN 66,Hornpipe,Bluenose,Mathew Murphy
2015,1439,Bravo B3,3,CAN 131,Hotspur,Santana 23,Tyson Hynes
2015,1439,Bravo B2,8,CAN 23,Hummin,Soling,Bill Haliburton
2015,1439,J 24,2,CAN 3968,HypeWave,J 24,Chris  Veinot
2015,1439,Bravo B1,13,KC 670,Illusion,Windward Yachts 36,Mike Morris
2015,1439,Bravo B2,5,CAN 83270,Incorrigible,J 27,Sam Lamey
2015,1439,Bluenose,17,B 47,Island Girl,Bluenose,Travis Blain
2015,1439,Bravo B1,6,CAN 84675,J (2.2),J 29,Jim Snair
2015,1439,Alpha A3,4,CAN 229,J 35,J 35,Andrew Childs
2015,1439,Alpha A3,7,CAN 282,J Hawk,J 35,Thane MacDonald
2015,1439,Alpha A3,1,USA 41057,J'ai Tu,J 35,Rodney Johnstone / Gary Bennett
2015,1439,Bravo B1,9,CAN 31587,Jah Mon,J 29 FR IB,Carl Davis
2015,1439,J 24,3,CAN 42,Jamming,J 24,Nicholas Hamblin
2015,1439,Bravo B2,6,CAN 008,Just Add Water,J 30,Jesleine Baker
2015,1439,Alpha A2,6,CAN 59115,Koobalibra,C&C 115,David Barlow
2015,1439,International One Design,6,CAN 8,La Diva,IOD,Stephen Bond
2015,1439,J 24,1,CAN 3849,Lightning McQueen,J 24,Ian Dawson
2015,1439,J 24,7,CAN 2108,Lowlife,J 24,Casey Leblanc
2015,1439,Alpha A3,5,CAN 34539,MacIntosh,Custom Cartwright,Durk Steigenga
2015,1439,Alpha A1,5,CAN 5095,Magic Bus,Farr 40 OD,Greg Hardy
2015,1439,Bluenose,3,116,Mahaska,Bluenose,Karl Mitchell
2015,1439,Sonar,10,USA 624,Martha Jane,Sonar,John Jenkins
2015,1439,Sonar,4,CAN 835,Maslow,Sonar,Paul Tingley
2015,1439,Farr 30,5,CAN 66,Matador,Farr 30,Gregory Blunden
2015,1439,Bravo B3,2,CAN 221,Mayhem,C&C 29 Mark II,Richard Gerstenberger
2015,1439,Alpha A3,3,CAN 506,McMac,J 105,Rory Macdonald
2015,1439,International One Design,2,CAN 1,Mighty Mo,IOD,Richard Thompson
2015,1439,Non-Spinnaker D1,3,CAN 22440,Mischief,C&C 40,Jeff Costwell
2015,1439,Sonar,7,USA 462,Model T,Sonar,Lesley Taylor
2015,1439,Bravo B3,7,CAN 34679,Moderation,Mirage 27,Steve Williston
2015,1439,Bluenose,11,B407,Night Train,Bluenose,Greg Flynn
2015,1439,Alpha A3,10,CAN 54,Njord,Beneteau 36.7,Blaine MacNeil
2015,1439,Farr 30,2,USA 28,One More Time,Farr 30,Rob  Gale
2015,1439,Bravo B2,10,CAN 41848,Osprey,Beneteau 305,Todd MacEachern
2015,1439,Sonar,2,CAN 754,PING,Sonar,Andreas Josenhans
2015,1439,Bravo B1,5,CAN 222,Painkiller,J 29,Paul Dexter
2015,1439,Bravo B1,1,CAN 117,Paradigm Shift,J 29,Don Williams
2015,1439,Non-Spinnaker D2,5,CAN 399,Patience,Nonsuch 30 Ultra,Bruce Flinn
2015,1439,Alpha A3,2,CAN 8,Poohsticks,J 92,Colin Mann
2015,1439,Non-Spinnaker D1,4,CAN 4540,Prairie Oyster,CS 30,Mike Klassen
2015,1439,Bluenose,9,B 347,Privateer,Bluenose,Connor Mraz
2015,1439,Non-Spinnaker D1,1,CAN 59711,Pursuit,Peterson Custom 46,Bob Belliveau
2015,1439,Alpha A2,4,CAN 52556,Ramillies,Beneteau First 44.7,David Wilson
2015,1439,Farr 30,1,USA 683,Ramrod,Farr 30,Rodrick Jabin
2015,1439,Bravo B1,10,CAN 376,Re-demp-tion,J 70,Bill Adams
2015,1439,Bluenose,5,85,Rebel,Bluenose,Thomas Murphy
2015,1439,Bluenose,22,CAN 64,Reprieve,Bluenose,David Chandler
2015,1439,Bravo B3,6,CAN 4097,Roguewave,Viking 28,Elizabeth Whyte
2015,1439,Classics,3,FKC 21,Rondo,Folkboat,Dayna Nelder
2015,1439,Bravo B1,4,CAN 31991,Rumblefish,J 29 FRIB,Scott Covey
2015,1439,J 24,5,CAN 5461,Rush Hour,J 24,Ross  Romney
2015,1439,Non-Spinnaker D2,1,USA 4962,SEABREAKER,cAND C,Bruce Nunn
2015,1439,Sonar,9,CAN 366,SOT After,Sonar,Greg  Bailly
2015,1439,Sonar,5,CAN 17,Scamp,Sonar,Stuart Hebb
2015,1439,Bravo B1,3,CAN 34429,Scotch Mist IV,J 29,Chris MacDonald
2015,1439,Bravo B2,7,CAN 219,Scotch on the Rocks,T 10,Arthur Backman
2015,1439,Bluenose,21,12,Sea Biscuit,Bluenose,Shannon Black
2015,1439,Non-Spinnaker D2,3,CAN 1046,Seasong,Tanzer 22,Heiner Josenhans
2015,1439,Classics,1,CAN P3,Seneca,Classic,David Creighton
2015,1439,Bluenose,2,B 266,Shaken Knot Stirred,Bluenose,Malcolm Fraser
2015,1439,Sonar,8,CAN 425,Shenanagans,Sonar,Jonathan Chiasson
2015,1439,Bravo B1,11,CAN 44025,Showgirl,C&C 38 Mk1,Drew Bethune
2015,1439,Bravo B3,4,Can 1857,Sisu,Tanzer 22,David Peer
2015,1439,Bravo B2,3,CAN 34142,Slyfox,Peterson 29,James Mosher
2015,1439,Bravo B3,1,CAN 192,Spare Change,Kirby 25,Ryan Gallant
2015,1439,International One Design,1,CAN 3,Squall,IOD,Peter Wickwire
2015,1439,Non-Spinnaker D1,5,CAN 14975,Surprise,C&C 38,Phil Dumaresq
2015,1439,Bluenose,10,CAN 196,Sweet Pea,Bluenose,Hugh Smith
2015,1439,Farr 30,4,CAN 29,Tangley,Farr 30,Jonathan  Ross
2015,1439,Alpha A1,2,USA 135,Team Ocean,Melges 32,John  Roy
2015,1439,Bravo B3,5,CAN 7,Tempus Fugit,Alberg 37,David McVay
2015,1439,Farr 30,6,CAN 23,The Red Boat,Farr 30,Chris Gilmore
2015,1439,Bluenose,18,B 138,The Rest,Bluenose,Mike Hill
2015,1439,Alpha A2,7,CAN 84037,Third Wave,C&C 37R,Steve Davies
2015,1439,Bravo B2,9,CAN 2372,Tuna,CS 36,Frank Egan
2015,1439,Farr 30,3,CAN 47,Venturesome,Farr 30,Ben Maloney
2015,1439,Classics,2,USA Q5,Virginia,Universal Q,John W Wurts Jr.
2015,1439,Bluenose,7,CAN 257,Wahoo,Bluenose,Andreas Demone
2015,1439,Bluenose,15,CAN B69,Wanderer,Bluenose,Denis Dyer
2015,1439,Alpha A2,2,CAN 50141,Wandrian,Taylor 41,Bill Tucker
2015,1439,Non-Spinnaker D2,2,CAN 553,Warp Drive,Sonar,Thomas Avery
2015,1439,J 24,4,CAN 4282,Waverunner,J 24,Will Nauss
2015,1439,Bluenose,14,CAN 331,Yemanja,Bluenose,Susan Crocker
2015,1439,Bluenose,19,Can 235,Zephyr,Bluenose,Heather Robertson
2016,2748,Alpha 3,6,USA 62,AXIS,J 105,Richard Gerstenberger
2016,2748,Alpha 3,3,CAN 99050,Agent 99,C&C 99,Rob Crutcher
2016,2748,Alpha 1,3,CAN 430,Agincourt,N/M 43CR,Bob Cragg
2016,2748,International One Design,5,CAN 4,Aileen,IOD,Michael Kelley
2016,2748,Bluenose,7,CAN 154,All That JAS,Bluenose,Steve Stairs
2016,2748,Delta 2,6,CAN 34505,Antares,Ontario 32,Jamie Moye
2016,2748,Classics,7,CG,Arronta,Crocker Gull,Bryan Palfreyman
2016,2748,Bluenose,2,B 227,Barbarian,Bluenose,Keith Fox
2016,2748,J 24,1,CAN 431,Barely Legal,J 24,David Wedlake
2016,2748,International One Design,9,USA 10,Bella,IOD,Sandy Yellott
2016,2748,Sonar,1,CAN 834,Bella Rena,Sonar,Henry Demone
2016,2748,J120,4,CAN 51450,Black Pearl,J 120,Ross Leighton
2016,2748,J120,3,CAN 144,Brilliance,J 120,Richard Calder
2016,2748,Bluenose,3,85,Casino Royale,Bluenose,David Bechtel
2016,2748,Alpha 1,5,39503,Chaos,Farr 395,Mark Gosine
2016,2748,Bluenose,8,CAN 77,Chase,Bluenose,Ron Barr
2016,2748,Alpha 1,4,CAN 35026,Climax,1D35,Nathan Reece
2016,2748,J35,5,CAN 25444,Crackerjack!!!,J 35,peter traves
2016,2748,J 24,6,CAN 1934,Dark Star,J 24,Ben Rubarth
2016,2748,Bravo 1,3,CAN 33149,Dark Water,C&C 33,Donald K Walker
2016,2748,Bluenose,14,CAN 279,Dart,Bluenose,John Grantmyre
2016,2748,ALPHA 2,4,CAN 89,Deep Bight,J 88,Jim Snair
2016,2748,J120,1,CAN 50271,Deviation,J 120,Stu McCrea
2016,2748,Sonar,4,Can 571,Echo,Sonar,John Franklin
2016,2748,International One Design,4,CAN 7,Elida,IOD,Jay Nadelson
2016,2748,Delta 1,2,CAN 61289,Equinox,Frers 33,Rod Stright
2016,2748,Bluenose,11,CAN B45,Esprit,Bluenose,Andrew Murphy
2016,2748,Bravo - J29,5,CAN 235,Favourite Child,J 29,Carlisle & Erin Norwood
2016,2748,Bravo 1,2,CAN 4964,Gersemi,Viking 33,Paul Bezanson
2016,2748,Sonar,6,USA 835,Get Lucky,Sonar,paul tingley
2016,2748,Bluenose,5,B 182,Ghost,Bluenose,Stuart MacLean
2016,2748,Bravo 1,6,USA 121,Goat Whisperer,J 80,Dale Robertson
2016,2748,J120,5,CAN 15005,Grand Cru,J 120,Mike Kennedy
2016,2748,J35,1,CAN 229,HELOC,J 35,Andrew Childs
2016,2748,Bluenose,16,162,Hackmatack,Bluenose,Nicholas Lewin
2016,2748,ALPHA 2,2,CAN 129,Hard 1,Fareast 28R,Mathew Archibald
2016,2748,Alpha 1,2,CAN 51111,Hard Ei8ht,Tripp 41,Lawrence Taylor
2016,2748,J35,4,CAN 73/459,Harrier,J 35,Ann Petley-Jones
2016,2748,Classics,4,P 1,Hayseed IV,Wm Gardner P,Christopher Wurts
2016,2748,Bravo - J29,2,CAN 57,Head Games,J 29,TERRY Schnare
2016,2748,Bravo 1,1,CAN 34440,Highlander,Dehler DB1,Dan Pride
2016,2748,Bravo 2,3,CAN 131,Hotspur,Santana 23,Tyson Hynes
2016,2748,Bravo 2,1,CAN 23,Hummin,Soling,William Haliburton
2016,2748,J 24,2,CAN 3968,HypeWave,J 24,Chris Veinot
2016,2748,International One Design,8,CAN 2,IBIS,IOD,Antony Merck
2016,2748,Bravo 1,8,CAN 83270,Incorrigble,J 27,Sam Lamey
2016,2748,J35,3,USA 41057,J'ai Tu,J 35,Rodney Johnstone / Gary Bennett
2016,2748,Bravo - J29,7,CAN 160,J-Roc,J 29,Chris Power
2016,2748,J35,2,CAN 282,JHawk,J 35,Thane MacDonald
2016,2748,Bravo - J29,6,USA 500,Jah Mon,J 105,Carl Davis
2016,2748,J 24,4,CAN 42,Jamming,J 24,Nicholas Hamblin
2016,2748,Bravo 1,7,CAN 008,Just Add Water,J 30,Jesleine Baker
2016,2748,International One Design,6,CAN 8,La Diva,IOD,Stephen Bond
2016,2748,Delta 2,9,CAN 205,Leah Dawn,Mirage 24,Richard Boutilier
2016,2748,J 24,7,CAN 2108,Lowlife,J 24,Casey Leblanc
2016,2748,ALPHA 2,6,CAN 34539,MacIntosh,Cartwright,Durk Steigenga
2016,2748,Bluenose,4,B 116,Mahaska,Bluenose,Karl Mitchell
2016,2748,Delta 1,4,CAN 24228,Mariah,C&C 35,Keith Johnson
2016,2748,Sonar,8,USA 624,Martha Jane,Sonar,John  Jenkins
2016,2748,Farr 30,5,CAN 66,Matador,Farr 30,Gregory Blunden
2016,2748,Alpha 3,2,CAN 506,McMac,J 105,Rory Macdonald
2016,2748,International One Design,3,CAN 1,Mighty Mo,IOD,Richard Thompson
2016,2748,Delta 1,5,CAN 22440,Mischief,C&C 40,Jeff Costwell
2016,2748,Alpha 3,5,CAN 606,MoJo,J 105,James Mosher
2016,2748,Sonar,5,USA 54,Model T,Sonar,Lesley Taylor
2016,2748,Delta 1,1,CAN 23503,Night Train,C&C 40-2 TM/DK,Brad Boutilier
2016,2748,Farr 30,2,USA 28,One More Time,Farr 30,Rob  Gale
2016,2748,Sonar,3,CAN 754,PING,Sonar,Andreas Josenhans
2016,2748,Bravo - J29,3,CAN 222,Painkiller,J 29,Paul Dexter
2016,2748,Bravo - J29,1,CAN 117,Paradigm shift,J 29,Don Williams
2016,2748,Delta 2,3,CAN 399,Patience,Nonsuch 30 Ultra,Bruce Flinn
2016,2748,International One Design,7,USA 9,Piper,IOD,Scott Thomas
2016,2748,Alpha 3,1,CAN 8,Poohsticks,J 92,Colin Mann
2016,2748,Delta 2,7,CAN 4540,Prairie Oyster,CS 30,Mike Klassen
2016,2748,Bluenose,6,347,Privateer,Bluenose,Connor Mraz
2016,2748,ALPHA 2,7,CAN 52556,Ramillies,Beneteau First 44.7,David Wilson
2016,2748,Bravo 1,4,CAN 1529,Rattle and Hum,J 30,Bruce Moore
2016,2748,Alpha 3,7,CAN 84986,Razzmatazz,Abbott 36,Chris Campbell
2016,2748,Bravo 1,5,CAN 376,Re-demp-tion,J 70,Bill Adams
2016,2748,Bluenose,20,USA B85,Rebel,Bluenose,Thomas Murphy
2016,2748,Bluenose,19,CAN 195,Rednose,Bluenose,Jeff Munroe
2016,2748,International One Design,2,CAN 11,Restless,IOD,Ted Murphy
2016,2748,Classics,6,FKC21,Rondo,Folk Boat,Dayna Nelder
2016,2748,J 24,3,ARG 5461,Rush Hour,J 24,ross romney
2016,2748,Alpha 3,4,CAN 40998,SAil La Vie,Jeanneau 409,louis bourget
2016,2748,Classics,3,CAN 8187,STAR,Star,John Hokanson
2016,2748,Bluenose,12,382,STINGER,Bluenose,Don McAlpine
2016,2748,Bravo 1,11,CAN 2372,STV Tuna,CS 36,Eric Hill
2016,2748,ALPHA 2,1,CAN 106,Sabotage,Viper 830,Doug Folsetter
2016,2748,Bravo - J29,4,CAN 34429,Scotch Mist IV,J 29,Chris MacDonald
2016,2748,Bravo 1,10,CAN 219,Scotch on the Rocks,T 10,Arthur Backman
2016,2748,Bluenose,17,B12,Sea Biscuit,bluenose,Deborah Winsor
2016,2748,Delta 2,4,USA 4962,Sea Breaker,C&C 25,bruce nunn
2016,2748,Classics,1,CAN P3,Seneca,Classic,David Creighton
2016,2748,Bluenose,10,266,Shaken Knot Stirred,Bluenose,Jeremy Fraser
2016,2748,Sonar,7,CAN 425,Shenanagans,Sonar,jonathan chiasson
2016,2748,Bravo 1,9,CAN 44025,Showgirl,C&C 38 Mk1,Drew Bethune
2016,2748,J120,2,CAN 78,Slice,J 120,Ronald Stewart
2016,2748,Bravo 2,2,CAN 192,Spare Change,Kirby 25,Jeremy Benoit
2016,2748,International One Design,1,CAN 3,Squall,IOD,Peter Wickwire
2016,2748,ALPHA 2,3,CAN 42416,Starfire X,TT35,Andrew Boswell
2016,2748,Delta 2,1,CAN 223,Summer Salts,C&C 32,Steve Williston
2016,2748,Bluenose,1,CAN 196,Sweet Pea,Bluenose,Hugh Smith
2016,2748,Farr 30,1,CAN 29,Tangley,Farr 30,Peter Toombs
2016,2748,Alpha 1,1,USA 135,Team Ocean,Melges 32,John  Roy
2016,2748,Delta 2,2,CAN 7,Tempus Fugit,Alberg 37,David McVay
2016,2748,Farr 30,4,CAN 23,The Red Boat,Farr 30,Chris Gilmore
2016,2748,Bluenose,13,B 138,The Rest,Bluenose,Mike Hill
2016,2748,Delta 2,5,CAN 14915,To'Mater 3,C&C 25 Mk1,Warren Webber
2016,2748,Sonar,2,USA 1,Valiant,Sonar,Rick Doerr
2016,2748,Farr 30,3,CAN 47,Venturesome,Farr 30,Ben Maloney
2016,2748,Classics,2,Q5,Virginia,Universal Q,John W Jr Wurts
2016,2748,Bluenose,9,B 257,Wahoo,Bluenose,Andreas Demone
2016,2748,Bluenose,15,CAN B69,Wanderer,Bluenose,Denis Dyer
2016,2748,J 24,5,CAN 4282,Waverunner,J 24,Will Nauss
2016,2748,J35,6,USA 41873,Whistler's Air,J 35,Richard  Oulton
2016,2748,ALPHA 2,5,CAN 51223,Wild Thing VI,Beneteau 42S7,Greg Hammond
2016,2748,Delta 2,8,CAN 2827,Windarra,Catalina,Barry Heffernan
2016,2748,Bluenose,18,CAN 235,Zephyr,Bluenose,Heather Robertson
2016,2748,Delta 1,3,CAN 59711,pursuit,custom peterson 46,bob belliveau
2016,2748,Classics,5,C 6,ripple,Chester C,jim rafuse
2017,4139,Classics,1,CAN 7887,7887,Star,John Hokanson
2017,4139,Alpha 3,4,USA 62,AXIS,J 105,Richard Gerstenberger
2017,4139,Alpha 3,3,CAN 99050,Agent 99,C&C 99,Rob Crutcher
2017,4139,Alpha 1,4,CAN 430,Agincourt,N/M 43CR,Bob Cragg
2017,4139,International One Design,7,4,Aileen,IOD,Michael  Kelley
2017,4139,Bluenose,15,CAN 154,All That JAS,Bluenose,Steve Stairs
2017,4139,Delta,9,55,Argo,Hullmaster 22,Wayne Heisler
2017,4139,Sonar,2,CAN 425,Barbarian,Sonar,Rob Barbara
2017,4139,Bluenose,6,227,Barbarian,Bluenose,Keith Fox
2017,4139,Alpha 1,8,35034,Barchetta,1D35,Steve Davies
2017,4139,J 24,2,CAN 4101,Barely Legal,J/24,Jonathan Reid
2017,4139,International One Design,2,10,Bella,IOD,Oliver Dix
2017,4139,Alpha 1,7,Can 51450,Black Pearl,J 120,Ross Leighton
2017,4139,Sonar,10,CAN 755,Bleep,Sonar,Paul Rafuse
2017,4139,Alpha 1,6,CAN 144,Brilliance,J 120,Richard Calder
2017,4139,Bravo 1,8,CAN 1418,Buzz,J 27,Barry Eisener
2017,4139,Bluenose,7,284,Casino Royale,Bluenose,David Bechtel
2017,4139,Alpha 1,3,39503,Chaos,Farr 395,Mark Gosine
2017,4139,Alpha 1,2,CAN 35026,Climax,1D35,Nathan Reece
2017,4139,J 24,3,Can_3849,Codfather,J24,Caroline Muselet
2017,4139,Alpha 2,8,CAN 25444,Crackerjack!!!,J 35,peter traves
2017,4139,Bravo 1,9,CAN 33149,Dark Water,C&C 33,Donald K Walker
2017,4139,Bluenose,16,CAN 279,Dart,Bluenose,Christian/Ben Grantmyre
2017,4139,Alpha 1,1,CAN 50271,Deviation,J 120,Stu McCrea
2017,4139,Alpha 3,1,Can 52595,DogParty,J-100,terry mckenna
2017,4139,Sonar,6,Can 571,Echo,Sonar,John Franklin
2017,4139,International One Design,8,CAN 7,Elida,IOD,Jay Nadelson
2017,4139,Bluenose,12,CAN B45,Esprit,Bluenose,Andrew Murphy
2017,4139,Farr 30,2,CAN 29,Farr 2 Tangley,Farr 30,Peter/Jon Toombs/Ross
2017,4139,Bravo 2,5,CAN 235,Favourite Child,J 29,Carlisle & Erin Norwood
2017,4139,Bluenose,4,66,Feather,Bluenose,Karl Mitchell
2017,4139,Alpha 2,7,50959,Flying V,Viper 830,Ian MacKillop
2017,4139,Bravo 1,2,CAN 4964,Gersemi,Viking 33,Paul Bezanson
2017,4139,Bluenose,14,182,Ghost,Bluenose,Stu Maclean
2017,4139,Bravo 1,6,121,Goat Whisperer,J80,Dale Robertson
2017,4139,Farr 30,4,CAN 47,Goose,Farr 30,Ben Maloney
2017,4139,Sonar,9,USA 687,Green Flash,Sonar,Kevin Schwarm
2017,4139,Delta,7,480,Gryphon,C & C 29 Mk 2,Harry Fitzgerald
2017,4139,Bravo 1,10,CAN 126,HARPOON,J 80,Don McAlpine
2017,4139,Alpha 2,1,CAN 229,HELOC,J 35,Andrew Childs
2017,4139,Alpha 2,4,CAN 129,Hard 1,Fareast 28,Mathew Archibald Graham Langill
2017,4139,Classics,3,P 1,Hayseed IV,Wm Gardner P,Christopher Wurts
2017,4139,Bravo 2,6,CAN 57,Head Games,J 29,TERRY Schnare
2017,4139,Sonar,5,CAN 355,Hearts3,Sonar,Graham Eisenhauer
2017,4139,Bravo 1,4,34440,Highlander,Dehler db1,Dan Pride
2017,4139,Bravo 1,7,Can 225,Hoonigan,Soling,Ivan Fitch
2017,4139,Bravo 1,14,CAN 131,Hotspur,Santana 23,Tyson Hynes
2017,4139,Bravo 1,5,can 23,Hummin,Soling,Bill Haliburton
2017,4139,J 24,1,CAN 3968,HypeWave,J 24,Chris Veinot
2017,4139,Bravo 1,3,CAN 267,I Sea U,S2 7.9,Claudio Martin
2017,4139,Bravo 1,11,CAN 83270,Incorrigible,J 27,Sam Lamey
2017,4139,Classics,7,CAN 131,Intrigue,International Dragon,Bryan Palfreyman
2017,4139,Alpha 2,2,CAN 282,J Hawk,J 35,Thane MacDonald
2017,4139,Alpha 2,5,USA 41057,J'ai Tu,J 35,Rodney Johnstone / Gary Bennett
2017,4139,Bravo 2,8,160,J-Roc,J 29,Chris Power
2017,4139,Bravo 2,7,can 31587,Jahmon,j29,Carl Davis
2017,4139,Bluenose,22,CAN 303,JennaLeah,Bluenose,David Chandler
2017,4139,J 70,1,CAN 491,Joyridin',J 70,Graeme Carr
2017,4139,Bravo 1,1,CAN 008,Just Add Water,J 30,Jesleine Baker
2017,4139,International One Design,6,CAN 8,La Diva,IOD,Stephen Bond
2017,4139,Sonar,11,CAN 1,Lady Jean,Sonar,John Campbell
2017,4139,Alpha 3,5,CAN 606,MOJO,J 105,James Mosher
2017,4139,Alpha 2,3,CAN 34539,MacIntosh,Custom Cartwright,Durk Steigenga
2017,4139,Bluenose,10,116,Mahaska,Bluenose,Andreas  Demone
2017,4139,Farr 30,6,CAN 66,Matador,Farr 30,Gregory Blunden
2017,4139,International One Design,5,Can 1,Mighty Mo,IOD,Richard Thompson
2017,4139,Delta,2,22440,Mischief,C&C 40,Jeff Costwell
2017,4139,Sonar,4,CAN 462,Model T,Sonar,Lesley Taylor
2017,4139,Bluenose,20,253,Moneyshot,Bluenose,Casey Leblanc
2017,4139,Farr 30,1,USA 706,Ocean Yachts Sales One More Time,Farr 30,Rob Gale/ Ed Steeves
2017,4139,Sonar,1,CAN 754,PING,Sonar,Andreas Josenhans
2017,4139,Bravo 2,3,CAN 117,Paradigm Shift,J 29,Don Williams
2017,4139,Delta,3,CAN 399,Patience,Nonsuch 30 Ultra,Bruce Flinn
2017,4139,Sonar,8,CAN 415,Pi,Sonar,Glen Dexter
2017,4139,International One Design,4,9,Piper,IOD,Shawn Mulrooney
2017,4139,J 70,3,CAN 1160,Point Eight,J 70,Peggy Bethune
2017,4139,Alpha 3,2,CAN 8,Poohsticks,J 92,Colin Mann
2017,4139,Bluenose,8,B 347,Privateer,Bluenose,Connor Mraz
2017,4139,Bravo 1,13,838,Raido,Soling,Keith Davidson
2017,4139,Alpha 2,9,CAN 52556,Ramillies,Beneteau First 44.7,David Wilson
2017,4139,Alpha 3,8,CAN 84986,Razzmatazz,Abbott 36,Chris Campbell
2017,4139,Bluenose,2,CAN B85,Rebel,Bluenose,Thomas/Erik  Murphy/koppernaes
2017,4139,Alpha 2,6,35,Rebel Rebel,X-Yacht X-35,Sarah / Greg Hardy
2017,4139,International One Design,1,11,Restless,IOD,Ted Murphy
2017,4139,Classics,5,fkc 21,Rondo,Folk Boat,Dayna Nelder
2017,4139,Bravo 2,1,CAN 31991,Rumblefish,J29,Scott Covey
2017,4139,Sonar,7,CAN 835,SOT After,Sonar,Greg  Bailly
2017,4139,Alpha 3,6,CAN 40998,Sail La Vie,Jeanneau 409,louis bourget
2017,4139,Bravo 2,4,CAN 34429,Scotch Mist IV,J 29,Chris MacDonald
2017,4139,Bravo 1,12,CAN 219,Scotch on the Rocks,T 10,Arthur Backman
2017,4139,J 70,2,CAN 610,SeaYa,J 70,Kim Gibson
2017,4139,Classics,6,CAN P3,Seneca,Classic,David Creighton
2017,4139,Bluenose,5,CAN 266,Shaken Knot Stirred,Bluenose,Malcolm Fraser
2017,4139,Sonar,3,CAN 75,ShoreEast,Sonar,Jonathan  Ladha
2017,4139,Bravo 1,15,CAN 44025,Showgirl,C&C 38 Mk1,Drew Bethune
2017,4139,Alpha 1,5,CAN 78,Slice,J 120,Ronald Stewart
2017,4139,Bluenose,19,447,Sofia,Bluenose,George Cangiano
2017,4139,Alpha 3,7,CAN 73219,Sou'Wester,Sovereign 33-2,Badd Wilson
2017,4139,Bravo 1,16,192,Spare Change,Kirby 25,Lindsay Gallant
2017,4139,International One Design,3,3,Squall,IOD,Peter Wickwire
2017,4139,Bluenose,17,CAN 196,Sweet Pea,Bluenose,Hugh Smith
2017,4139,Bluenose,11,Can 131,Tacamat,Bluenose,John / Simon Muller / Zeh
2017,4139,Classics,2,CAN 7,Tempus Fugit,Alberg 37,David McVay
2017,4139,Farr 30,5,CAN 23,The Red Boat,Farr 30,Chris Gilmore
2017,4139,Bluenose,21,B 138,The Rest,Bluenose,Mike Hill
2017,4139,Delta,1,14915,To'Mater3,CC25,Warren Webber
2017,4139,Bluenose,9,CAN 124,Troubadour,Bluenose,Paul Conrod
2017,4139,Delta,8,CAN 007,Valkyrie,C&C 27,Val Doan
2017,4139,Classics,4,Q5,Virginia,Universal Q,John W Jr Wurts
2017,4139,Bluenose,3,CAN 257,Wahoo,Bluenose,Henry/Max Demone/Flinn
2017,4139,Bluenose,18,CAN B69,Wanderer,Bluenose,Denis Dyer
2017,4139,Delta,4,CAN 50141,Wandrian,Taylor 41,Bill Tucker
2017,4139,J 24,4,Can 4282,WaveRunner,J/24,Steven Countway
2017,4139,Farr 30,3,CAN 69,YARDSAIL,FARR 30 OD,Roby Douglas
2017,4139,Bluenose,1,CAN 342,dark 'n stormy,Bluenose,David /jacob Mosher/saunders
2017,4139,Bluenose,13,162,hackmatack,bluenose,nicholas lewin
2017,4139,Bravo 2,2,can 222,painkiller,J29,jane filbee
2017,4139,Delta,5,CAN 59711,pursuit,custom peterson 46,bob belliveau
2017,4139,Delta,6,4962,sea breaker,c&c 25,bruce nunn
2018,4668,Distance (Starting on the Inshore Course) - C&C99,1,CAN 99050,Agent 99,C&C 99,Rob Crutcher
2018,4668,Bluenose,12,154,All That JAS,Bluenose,Steve Stairs
2018,4668,Distance 5,12,72,Annie Amelia,Pearson Triton Yawl,Steve Adams
2018,4668,Inshore 3,1,CAN 162,Apres Ski,Laser 28,Tony Thompson
2018,4668,Farr 30,5,CAN 32,Ataraxia,Farr 30,Michael Carlson /  André Bégin-Drolet
2018,4668,Inshore 2 - J105,4,USA 62,Axis,J 105,Richard  Gerstenberger
2018,4668,Inshore 1,8,CAN 1418,BUZZ,J27,Bernd Hackstein
2018,4668,Bluenose,15,227,Barbarian,Bluenose,Connor Taugher
2018,4668,Sonar,1,CAN 629,Barbarian,Sonar,Rob Barbara
2018,4668,Distance 1,9,CAN 35034,Barchetta,1D35,Steve Davies
2018,4668,International One Design,1,CAN 10,Bella,IOD,Evan Petley-Jones
2018,4668,Distance 1,8,CAN 51450,Black Pearl,J 120,Ross Leighton
2018,4668,Sonar,4,CAN 755,Bleep,Sonar,Paul Rafuse
2018,4668,Distance 1,4,CAN 144,Brilliance,J 120,Richard Calder
2018,4668,Inshore 2 - J105,3,CAN 209,Buzz,J 105,Barry Eisener
2018,4668,Bluenose,9,284,Casino Royale,Bluenose,David Bechtel
2018,4668,Distance 1,5,CAN 39503,Chaos,Farr 395,Mark Gosine
2018,4668,Bluenose,21,B 77,Chase,Bluenose,Chase Presson
2018,4668,Inshore 3,7,CAN 1025,Cheap Thrill,J 22,karen fowler
2018,4668,Distance 1,7,CAN 35026,Climax,1D35,Nathan Reece
2018,4668,International One Design,6,CAN 6,Coachman,IOD,Michael Rustom
2018,4668,Inshore 3,4,CAN 133,Completely Wound Up,Laser 28,Greg Jordan
2018,4668,Distance 2,5,CAN 25444,Crackerjack!!!,J 35,peter traves
2018,4668,Distance 4,3,CAN 33149,Dark Water,C&C 33,Donald K Walker
2018,4668,Bluenose,2,342,Dark’n Stormy,Bluenose,John Mosher
2018,4668,Bluenose,10,279,Dart,Bluenose,John Grantmyre
2018,4668,Distance (Starting on the Inshore Course) - C&C99,3,CAN 51,Demons Dance,C&C 99,Andrew Watts
2018,4668,Distance 1,1,CAN 50271,Deviation,J 120,Stu McCrea
2018,4668,Sonar,5,CAN 571,Echo,Sonar,John Franklin
2018,4668,International One Design,9,CAN 7,Elida,IOD,Jay Nadelson
2018,4668,International One Design,2,CAN 5,Enigma,IOD,Steve Bush
2018,4668,Distance (Starting on the Inshore Course) - C&C99,2,CAN 56,Equinox 99,C&C 99,Rod Stright
2018,4668,Inshore 1,6,CAN 235,Favourite Child,J 29,Carlisle & Erin Norwood
2018,4668,Distance 4,4,256,Flux,J 30,Jordan MacNeil
2018,4668,Distance 5,1,CAN 34142,Foxy Lady,Chaser 29,Bob Cragg
2018,4668,Distance 4,6,Can 277,Freyja,Ericson 38-200,Steve MacDougall
2018,4668,International One Design,10,CAN 20,Ghost,IOD,Ken Florence
2018,4668,Farr 30,4,CAN 47,Goose,Farr 30,Ben Maloney
2018,4668,Distance 5,8,480,Gryphon,C & C 29 Mk 2,Harry Fitzgerald
2018,4668,Distance 2,1,CAN 229,HELOC,J 35,Andrew Childs
2018,4668,Bluenose,14,162,Hackmatack,Bluenose,Nicholas Lewin
2018,4668,Distance 2,7,CAN 129,Hard 1,Fareast 28R,Mathew Archibald
2018,4668,Classics,6,D207,Harmony,International folk boat,samad arif
2018,4668,Classics,4,P 1,Hayseed IV,Wm Gardner P,Christopher Wurts
2018,4668,Farr 30,1,USA 65,Head First 3,Farr 30,Peter Toombs
2018,4668,Inshore 1,4,CAN 57,Head Games,J 29,Terry Schnare
2018,4668,Distance 4,2,CAN 34440,Highlander,Dehler DB1,Dan Pride
2018,4668,Inshore 3,3,CAN 225,Hoonigan,Soling,Ivan Fitch
2018,4668,Inshore 3,8,CAN 131,Hotspur,Santana 23,Tyson Hynes
2018,4668,Inshore 3,2,can 23,Hummin,Soling,Bill Haliburton
2018,4668,Inshore 1,7,CAN 83270,Incorrigible,J 27,Sam Lamey
2018,4668,Classics,5,CAN 131,Intrigue,Dragon,bryan palfreyman
2018,4668,Distance 2,4,CAN 282,J Hawk,J 35,Thane MacDonald
2018,4668,Distance 2,3,USA 41057,J'ai Tu,J 35,Rodney Johnstone / Gary Bennett
2018,4668,Inshore 2 - J105,5,USA 500,Jahmon,J 105,Carl Davis
2018,4668,Distance 4,1,CAN 008,Just Add Water,J 30,Jesleine Baker
2018,4668,International One Design,8,CAN 8,La Diva,IOD,Stephen Bond
2018,4668,Sonar,8,CAN 1,Lady Jean,Sonar,John Campbell
2018,4668,Bluenose,6,79,Long shot,Bluenose,Jim  Beatty
2018,4668,Inshore 2 - J105,2,CAN 606,MOJO,J 105,James Mosher
2018,4668,Distance 2,6,CAN 34539,MacIntosh,Custom,Durk Steigenga
2018,4668,Bluenose,11,B 116,Mahaska,Bluenose,Andreas Demone
2018,4668,Sonar,6,CAN 624,Martha Jane,Sonar,John Jenkins
2018,4668,Farr 30,6,CAN 66,Matador,Farr 30,Gregory Blunden
2018,4668,Inshore 2 - J105,1,CAN 506,McMac,J 105,Sean McDermott /  Rory MacDonald
2018,4668,Distance 4,7,4010,Meteor,Cherubini,Anne-Louise Dauphinee
2018,4668,International One Design,7,CAN 1,Mighty Mo,IOD,Richard Thompson
2018,4668,Sonar,3,CAN 462,Model T,Sonar,Lesley Taylor
2018,4668,Bluenose,13,253,Moneyshot,Bluenose,Casey Leblanc
2018,4668,Distance 5,10,CAN 4993,Nesbitt,Thunderbird 26,Anthony Rosborough
2018,4668,Classics,7,C10,Nightwind,Schooner,Wayne Heisler
2018,4668,Farr 30,2,USA 706,One More Time,Farr 30,Rob Gale
2018,4668,Inshore 1,1,CAN 222,Painkiller,J 29,jane filbee
2018,4668,Inshore 1,3,CAN 117,Paradigm shift,J 29,Don Williams
2018,4668,Distance 5,3,CAN 399,Patience,Nonsuch 30 Ultra,Bruce Flinn
2018,4668,Distance 3,2,CAN 41465,Persistence,Frers 33,Mike / Heather Hoyt
2018,4668,Sonar,2,CAN 754,Ping,Sonar,Andreas Josenhans
2018,4668,International One Design,5,CAN 9,Piper,IOD,Shawn Mulrooney
2018,4668,Inshore 1,9,CAN 1160,Point Eight,J 70,Peggy Bethune
2018,4668,Distance 3,1,CAN 8,Poohsticks,J 92,Colin Mann
2018,4668,Bluenose,1,347,Privateer,Bluenose,Connor Mraz
2018,4668,Inshore 3,5,CAN 838,Raido,Soling,Keith Davidson
2018,4668,Distance 1,6,CAN 52556,Ramillies,Beneteau First 44.7,David Wilson
2018,4668,Distance 3,5,CAN 84986,Razzmatazz,Abbott 36,Chris Campbell
2018,4668,Bluenose,18,B85,Rebel,Bluenose,Thomas Murphy
2018,4668,Distance 1,3,CAN 35N,Rebel Rebel,X-Yacht X-35,Sarah / Greg Hardy
2018,4668,International One Design,3,CAN 11,Restless,IOD,Ted Murphy
2018,4668,Distance 5,2,4097,Roguewave,Viking 28,Elizabeth Whyte
2018,4668,Inshore 1,5,CAN 31991,Rumblefish,J 29,Scott Covey
2018,4668,Sonar,7,CAN 835,SOT After,Sonar,Greg  Bailly
2018,4668,Distance 3,4,CAN 40998,Sail La Vie,Jeanneau 409,louis bourget
2018,4668,Bluenose,8,455,Sandpiper,Bluenose,Julia Carroll
2018,4668,Distance 5,9,CAN 189,Saraphie,whitby 42,Bruce Hancock
2018,4668,Inshore 1,2,CAN 34429,Scotch Mist IV,J 29,Chris MacDonald
2018,4668,Bluenose,7,247,Scout,Bluenose,Michael Bowen
2018,4668,Bluenose,19,12,Sea Biscuit,Bluenose,Chris Tully
2018,4668,Distance 5,7,4962,Sea Breaker,c&c 25,bruce nunn
2018,4668,Classics,1,CAN P3,Seneca,Classic,David Creighton
2018,4668,Bluenose,4,266,Shaken Knot Stirred,Bluenose,Malcolm Fraser
2018,4668,Distance (Starting on the Inshore Course) - C&C99,4,USA 88,Showgirl2,C&C 99,Drew Bethune
2018,4668,International One Design,4,CAN 3,Squall,IOD,Peter Wickwire
2018,4668,Distance 4,5,223,Stampede,tartan ten,Kevin  MacDonald
2018,4668,Inshore 3,9,CAN 146,Suspect,Kirby 25,Ronnie Power
2018,4668,Bluenose,16,196,Sweet Pea,Bluenose,Hugh Smith
2018,4668,Distance 5,4,CAN 7,Tempus Fugit,Alberg 37,David McVay
2018,4668,Farr 30,7,CAN 23,The Red Boat,Farr 30,Chris Gilmore
2018,4668,Bluenose,20,B138,The Rest,Bluenose,Mike Hill
2018,4668,Distance 5,5,CAN 14915,To'Mater 3,C&C 25 Mk1,Warren Webber
2018,4668,Bluenose,17,124,Troubadour,Bluenose,Paul Conrod
2018,4668,Distance 5,11,CAN 007,Valkyrie,C&C 27,Val Doan
2018,4668,Classics,2,Q,Virginia,Wm Gardner Q,John Wurts
2018,4668,Bluenose,3,257,Wahoo,Bluenose,Henry Demone
2018,4668,Distance 1,2,CAN 50141,Wandrian,Taylor 41,Bill Tucker
2018,4668,Distance 5,6,CAN 553,Warp Drive,Sonar,Meryn Avery
2018,4668,Inshore 3,6,CAN 4282,Waverunner,J 24,Will Nauss
2018,4668,Distance 3,3,CAN 51223,Wildthing VI,Beneteau 42s7,Greg/Liz Hammond
2018,4668,Farr 30,3,CAN 69,Yardsail,Farr 30,Robert Apold / Roby Douglas
2018,4668,Distance 2,2,CAN 56,Young Blood,J 100,Larry Creaser
2018,4668,Bluenose,5,22,Zephyr,Bluenose,karl mitchell
2018,4668,Classics,3,CAN 59711,pursuit,custom peterson 46,bob belliveau
2019,6202,Bluenose,14,68,Adriatic,Bluenose,Stewart Creaser
2019,6202,Distance 5,1,W24,Afterhours,custom,Charles Walker
2019,6202,Inshore 2 - C&C 99,1,CAN 99050,Agent 99,C&C 99,Rob Crutcher
2019,6202,Bluenose,17,154,All That Jas,Bluenose,Steve Stairs
2019,6202,Distance 6,4,72,Annie Amelia,Pearson Triton,Steve Adams
2019,6202,Distance 4,3,CAN 162,Apres Ski,Laser 28,Tony Thompson
2019,6202,Inshore 1 - J105,4,USA 62,Axis,J 105,Richard Gerstenberger
2019,6202,Inshore 3,5,CAN 1418,BUZZ,J 27,Bernd Hackstein
2019,6202,Sonar,2,CAN 629,Barbarian,Sonar,Rob Barbara
2019,6202,Distance 1,6,CAN 35034,Barchetta,1D35,Steve Davies
2019,6202,Intenational One Design,1,CAN 10,Bella,IOD,Evan Petley-Jones
2019,6202,Distance 1,7,Can 51450,Black Pearl,J 120,Ross Leighton
2019,6202,Sonar,4,CAN 755,Bleep,Sonar,Paul Rafuse
2019,6202,Distance 1,4,CAN 144,Brilliance,J 120,Richard Calder
2019,6202,Classics,7,R1,Butterfly,Burgess/Lawley R Class,Jessica Brown
2019,6202,Inshore 1 - J105,3,CAN 209,Buzz,J 105,Barry Eisener
2019,6202,Distance 1,3,CAN 39503,Chaos,Farr 395,Mark Gosine
2019,6202,Inshore 4,2,CAN 1025,Cheap Thrill,J 22,Karen Fowler
2019,6202,Distance 1,5,CAN 35026,Climax,1D35,Nathan Reece
2019,6202,Intenational One Design,7,12,Coachman,IOD,Dave Mosher
2019,6202,Distance 2,9,CAN 25444,Crackerjack!!!,J 35,John Traves
2019,6202,Distance 2,11,26,Cyanara 2,C&C 110,Jim Fletcher
2019,6202,Distance 4,5,CAN 33149,Dark Water,C&C 33,Donald K Walker
2019,6202,Bluenose,5,342,Dark'n'Stormy,Bluenose,John Mosher
2019,6202,Bluenose,7,279,Dart,Bluenose,John Grantmyre
2019,6202,Inshore 2 - C&C 99,5,CAN 51,Demons Dance,C&C 99,Andrew Watts
2019,6202,Distance 1,2,CAN 50271,Deviation,J 120,Stu McCrea
2019,6202,Distance 2,2,CAN 95,DogParty,J 100,Terry McKenna
2019,6202,Sonar,3,CAN 571,Echo,Sonar,John Franklin
2019,6202,Intenational One Design,6,CAN 7,Elida,IOD,Jay Nadelson
2019,6202,Intenational One Design,2,CAN 5,Enigma,IOD,Steve Bush
2019,6202,Inshore 2 - C&C 99,2,CAN 56,Equinox 99,C&C 99,Rod Stright
2019,6202,Bluenose,3,379,Faster,Bluenose,Chris von Maltzahn
2019,6202,Distance 3,7,CAN 235,Favourite Child,J 29,Erin Norwood
2019,6202,Bluenose,8,274,Feather,Bluenose,Carlisle Norwood
2019,6202,Distance 2,10,CAN 1046,Five of Harts,Beneteau First 10R,Gordon Hart
2019,6202,Distance 4,4,256,Flux,J 30,Jordan MacNeil
2019,6202,Distance 5,2,CAN 34142,Foxy Lady,Chaser 29,Bob Cragg
2019,6202,Bluenose,4,22,Geronimo,Bluenose,Drew Mitchell
2019,6202,Distance 4,2,CAN 4964,Gersemi,Viking 33,Paul Bezanson
2019,6202,Bluenose,9,CAN 182,Ghost,Bluenose,christine santimaw
2019,6202,Intenational One Design,8,CAN 20,Ghost,IOD,Ken Florence
2019,6202,Farr 30,4,CAN 47,Goose,Farr 30,Ben Maloney
2019,6202,Distance 5,4,480,Gryphon,C&C 29 Mk 2,Harry Fitzgerald
2019,6202,Distance 2,3,CAN 229,HELOC,J 35,Andrew Childs
2019,6202,Bluenose,11,162,Hackmatack,Bluenose,Nicholas Lewin
2019,6202,Distance 2,8,129,Hard 1,Fareast 28R,Mathew Archibald
2019,6202,Classics,6,D207,Harmony,International folk boat,samad arif
2019,6202,Classics,3,P 1,Hayseed IV,Wm Gardner P,Christopher Wurts
2019,6202,Inshore 3,2,CAN 57,Head Games,J 29,Terry Schnare
2019,6202,Distance 4,6,Can 34440,Highlander,Dealer DB-1,Dan Pride
2019,6202,Inshore 2 - C&C 99,4,CAN 94,Hinano,C&C 99,Steve Angel
2019,6202,Bluenose,20,B 447,Hold Fast,Bluenose,George Cangiano
2019,6202,Inshore 4,1,CAN 225,Hoonigan,Soling,Ivan Fitch
2019,6202,Inshore 4,3,CAN 131,Hotspur,Santana 23,Tyson Hynes
2019,6202,Distance 4,9,CAN 83270,Incorrigible,J 27,Sam Lamey
2019,6202,Classics,4,can 131,Intrigue,International Dragon,Bryan Palfreyman
2019,6202,Distance 2,4,USA 41057,J'ai Tu,J 35,Rodney Johnstone / Gary Bennett
2019,6202,Distance 2,5,CAN 282,JHawk,J 35,Thane MacDonald
2019,6202,Distance 3,6,CAN 329,Jaeger,J 29,Chris Power
2019,6202,Inshore 1 - J105,5,USA 500,Jahmon,J 105,Carl Davis
2019,6202,Distance 4,1,CAN 008,Just Add Water,J 30,Jesleine Baker
2019,6202,Distance 5,5,93,L'Hirondelle,Roue 20,Andrew J Murphy
2019,6202,Intenational One Design,5,CAN 8,La Diva,IOD,Stephen Bond
2019,6202,Inshore 1 - J105,2,CAN 606,MOJO,J 105,James Mosher
2019,6202,Distance 2,6,CAN 34539,MacIntosh,Custom,Durk Steigenga
2019,6202,Bluenose,10,116,Mahaska,Bluenose,Andreas Demone
2019,6202,Farr 30,3,CAN 66,Matador,Farr 30,Gregory Blunden
2019,6202,Inshore 1 - J105,1,CAN 506,McMac,J105,Sean / Rory McDermott / MacDonald
2019,6202,Bluenose,13,634,Miss Behavior,Bluenose,Ross Romney
2019,6202,Sonar,5,CAN 462,Model T,Sonar,Graham Hart
2019,6202,Bluenose,19,253,Moneyshot,Bluenose,Casey Leblanc
2019,6202,Distance 6,3,4993,Nesbitt,Thunderbird,Anthony Rosborough
2019,6202,Classics,8,CAN,Nightwind,Schooner,WAYNE HEISLER
2019,6202,Inshore 3,4,23,OUT 'N ABOAT,J 9,Don McAlpine
2019,6202,Distance 5,6,CAN 34855,On The Verge,C&C 33,steven robertson
2019,6202,Farr 30,1,can 28,One More Time,Farr 30,Rob Gale / Ed Steeves
2019,6202,Inshore 3,1,222,Painkiller,J 29,Jane Filbee
2019,6202,Distance 3,3,117,Paradigm Shift,J 29,Don Williams
2019,6202,Distance 5,7,CAN 399,Patience,Nonsuch 30 Ultra,Bruce Flinn
2019,6202,Distance 3,4,CAN 41465,Persistence,Frers 33,Mike / Heather Hoyt
2019,6202,Sonar,1,Can 754,Ping,Sonar,Andreas Josenhans
2019,6202,Intenational One Design,9,CAN 9,Piper,IOD,Shawn Mulrooney
2019,6202,Inshore 3,7,CAN 1160,Point Eight,J 70,Peggy Bethune
2019,6202,Distance 3,1,CAN 8,Poohsticks,J 92,Colin Mann
2019,6202,Bluenose,2,B 347,Privateer,Bluenose,Connor Mraz
2019,6202,Inshore 4,5,CAN 838,Raido,Soling,Keith Davidson
2019,6202,Distance 1,1,CAN 52556,Ramillies,Beneteau First 44.7,David Wilson
2019,6202,Distance 3,8,CAN 84986,Razzmatazz,Abbott 36,Chris Campbell
2019,6202,Distance 2,7,CAN 35N,Rebel Rebel,X-Yacht X-35,Sarah / Greg Hardy
2019,6202,Bluenose,15,CAN 195,Rednose,Bluenose,Jeff Munroe
2019,6202,Intenational One Design,4,11,Restless,IOD,Ted Murphy
2019,6202,Distance 5,3,4097,Roguewave,Viking 28,Elizabeth Whyte
2019,6202,Distance 3,5,CAN 31991,Rumblefish,J 29,Ann Covey
2019,6202,Bluenose,18,Can 455,Sandpiper,Bluenose,Greg Flynn
2019,6202,Distance 3,2,CAN 34429,Scotch Mist IV,J 29,Chris MacDonald
2019,6202,Distance 4,8,CAN 219,Scotch on the Rocks,T 10,Arthur Backman
2019,6202,Bluenose,6,247,Scout,Bluenose,Michael Bowen
2019,6202,Bluenose,22,12,Sea Biscuit,Bluenose,Chris Tully
2019,6202,Classics,1,CAN P3,Seneca,Classic,David Creighton
2019,6202,Bluenose,12,CAN 266,Shaken Knot Stirred,Bluenose,Malcolm Fraser
2019,6202,Inshore 2 - C&C 99,3,USA 88,Showgirl2,C&C 99,Drew Bethune
2019,6202,Sonar,6,CAN 366,So-Gnarly,Sonar,Thomas Dauphinee
2019,6202,Intenational One Design,3,3,Squall,IOD,Peter Wickwire
2019,6202,Distance 4,7,223,Stampede,Tartan Ten,Kevin MacDonald
2019,6202,Distance 3,9,CAN 63348,Stella Maris,Hobie 33,Lee Grant
2019,6202,Inshore 3,6,CAN 004,Surprisingly Average,Melges 24,John Muir
2019,6202,Inshore 4,6,CAN 146,Suspect,Kirby 25,Ronnie Power
2019,6202,Farr 30,6,CAN 23,The Red Boat,Farr 30,Chris Gilmore
2019,6202,Distance 6,2,14915,To'Mater 3,C&C 25,Warren Webber
2019,6202,Farr 30,5,029,Totally Irresponsible,Farr 30,Adam Affleck
2019,6202,Bluenose,16,CAN 124,Troubadour,Bluenose,Paul Conrod
2019,6202,Inshore 3,3,CAN 54,Unlimited Data,Etchells,Alan Chandler
2019,6202,Classics,2,Q5,Virginia,Wm Gardner Q,John Wurts
2019,6202,Bluenose,1,B 257,Wahoo,Bluenose,Henry Demone
2019,6202,Inshore 4,4,CAN 4282,Waverunner,J 24,Steven Countway
2019,6202,Farr 30,2,CAN 7,Yardsail,Farr 30,Roby Douglas
2019,6202,Distance 2,1,CAN 56,Young Blood,J 100,Larry Creaser
2019,6202,Bluenose,21,235,Zephyr,Bluenose,Will Dickson
2019,6202,Classics,5,CAN 59711,pursuit,custom peterson 46,bob belliveau
2019,6202,Distance 6,1,4962,sea breaker,C&C 25,bruce nunn
2021,14401,Bluenose,12,Can 68,Adriatic,Bluenose,Stewart Creaser
2021,14401,C&C 99 PHRF - Inshore,1,CAN 99050,Agent 99,C&C 99,Rob Crutcher
2021,14401,Distance 4,15,72,Annie Amelia,Pearson Triton,Steve Adams
2021,14401,Distance 4,8,CAN 34505,Antares,Ontario 32,Jamie Moye
2021,14401,Inshore 1,1,CAN 162,Apres Ski,Laser 28,Tony Thompson
2021,14401,Distance 4,2,CAN 27,Auster,Roue 20,Robert Merchant
2021,14401,J105 PHRF - Inshore,4,USA 62,Axis,J 105,Richard Gerstenberger
2021,14401,Sonar,2,CAN 629,Barbarian,Sonar,Rob Barbara
2021,14401,Distance 1,7,CAN 35034,Barchetta,1D35,Steve Davies
2021,14401,Inshore 1,13,5461,Bare Leg,J24,Sarah Flanagan
2021,14401,IOD,2,CAN 10,Bella,IOD,Evan Petley-Jones Jim Mason
2021,14401,Distance 1,5,CAN 54554,Bella J,J 133,Raymond Rhinelander
2021,14401,Distance 1,8,Can 51450,Black Pearl,J 120,Ross Leighton
2021,14401,Distance 1,2,CAN 1033,Blue Jay III,J/133,Matt Stokes
2021,14401,Distance 1,3,CAN 144,Brilliance,J 120,Richard Calder
2021,14401,Inshore 1,8,CAN 1418,Buzz,J 27,Bernd Hackstein
2021,14401,Distance 1,1,CAN 39503,Chaos,Farr 395,Mark Gosine
2021,14401,Distance 1,4,CAN 35026,Climax,1D35,Nathan Reece
2021,14401,IOD,6,CAN 12,Coachman,IOD,Dave Mosher
2021,14401,Distance 2,7,CAN 25444,Crackerjack!!!,J 35,John Traves
2021,14401,Bluenose,10,B88,Crusader,Bluenose,Dave Tzagarakis
2021,14401,Bluenose,22,342,Dark 'n Stormy,Bluenose,John Mosher
2021,14401,Inshore 1,3,CAN 33149,Dark Water,C&C 33,Donald K Walker
2021,14401,Bluenose,8,469,Dart,Bluenose,John Grantmyre
2021,14401,C&C 99 PHRF - Inshore,4,CAN 51,Demons Dance,C&C 99,Andrew Watts
2021,14401,Distance 4,5,28,Devious,Roue 20,Andrew J Murphy
2021,14401,Bluenose,15,225,Dionysus II,Bluenose,Jonathan Williams
2021,14401,Distance 2,2,CAN 95,DogParty,J 100,Terry McKenna
2021,14401,Distance 4,14,KC 60,Drag N' Fly,Grampian 30,Zach Fraser
2021,14401,Distance 1,9,CAN 50500,Dragonfly,J 130,Keith Amirault
2021,14401,Sonar,4,CAN 571,Echo,Sonar,John Franklin
2021,14401,C&C 99 PHRF - Inshore,2,CAN 56,Equinox 99,C&C 99,Rod Stright
2021,14401,Distance 2,4,42416,Even Flow,Thomas 35,Graham Roy
2021,14401,Distance 2,8,CAN 229,Falcon,J 35,Todd Wilson
2021,14401,Bluenose,20,379,Faster,Bluenose,Shannon Black
2021,14401,Inshore 1,6,256,Flux,J 30,Jordan MacNeil
2021,14401,Inshore 1,2,CAN 34142,Foxy Lady,Chaser 29,Bob Cragg
2021,14401,Distance 2,9,73390,Gabhar,C&C34R,Dale Robertson
2021,14401,Bluenose,1,22,Geronimo,Bluenose,Karl Mitchell
2021,14401,Distance 3,5,CAN 4964,Gersemi,Viking 33,Paul Bezanson
2021,14401,Bluenose,25,B 182,Ghost,Bluenose,Emily Petley-Jones
2021,14401,Distance 4,1,CAN 87,Good Friday,C&C 32,Philip Burchinshaw
2021,14401,Farr 30,4,CAN 47,Goose,Farr,Ben Maloney
2021,14401,Inshore 1,11,CAN 317,Great White,J70,Mitchell Horn
2021,14401,Distance 4,4,480,Gryphon,C&C 29 Mk 2,Harry Fitzgerald
2021,14401,Bluenose,6,162,Hackmatack,Bluenose,nicholas Lewin
2021,14401,Distance 4,12,D207,Harmony,International folk boat,Arif Samad
2021,14401,Inshore 1,5,57,Head Games,J 29,Terry Schnare
2021,14401,Farr 30,5,CAN 65,HeadFirst3,Farr30,Peter Toombs
2021,14401,Farr 30,7,CAN 29,Hens n' Chicks,Farr30,Margo Coughlin
2021,14401,Bluenose,17,B66,Hornpipe,Blunose Wood,Mathew Murphy
2021,14401,Inshore 1,7,CAN 131,Hotspur,Santana 23,Tyson Hynes
2021,14401,Inshore 1,4,CAN 236,Hummin,Soling,Bill Haliburton
2021,14401,IOD,5,CAN 6,Hustler,IOD,Ivan fitch Casey leblanc
2021,14401,Distance 4,7,can 131,Intrigue,International Dragon,Bryan Palfreyman
2021,14401,Bluenose,13,B 47,Island Girl,Bluenose,Travis Blain
2021,14401,Distance 2,6,CAN 282,J Hawk,J 35,Thane MacDonald
2021,14401,Distance 3,4,CAN 329,Jaeger,J 29,Chris Power
2021,14401,J105 PHRF - Inshore,5,USA 500,Jahmon,J 105,Carl Davis
2021,14401,Inshore 1,9,CAN 008,Just Add Water,J 30,Jesleine Baker
2021,14401,Bluenose,24,5,Ka$h Monayyy!,Bluenose,Mike Evans
2021,14401,Distance 4,3,566,King of Normandy,C&C 27 mk3,Francois Guitton
2021,14401,Bluenose,14,116,Mahaska,Bluenose,Andreas Demone
2021,14401,Farr 30,3,CAN 66,Matador,Farr 30,Gregory Blunden
2021,14401,J105 PHRF - Inshore,1,CAN 506,McMac,J 105,Sean McDermott / Rory MacDonald
2021,14401,J105 PHRF - Inshore,2,CAN 606,MoJo,J 105,James Mosher
2021,14401,Sonar,5,CAN 462,Model T,Sonar,Graham Hart
2021,14401,Distance 2,10,CAN 54,Njord,B 36.7,Blaine MacNeil
2021,14401,Inshore 1,14,CAN 34855,On The Verge,C&C 33,Steven Robertson
2021,14401,Farr 30,1,CAN 28,One More Time,Farr 30,Rob Gale
2021,14401,Sonar,1,CAN 754,PING,Sonar,Andreas Josenhans
2021,14401,Distance 3,2,222,Painkiller,J 29,Paul Fillbe-Dexter
2021,14401,Distance 3,3,CAN 117,Paradigm Shift,J 29,Don Williams
2021,14401,Distance 4,9,CAN 399,Patience,Nonsuch 30 Ultra,Bruce Flinn
2021,14401,Distance 1,11,US US51885,Pendragon,CM 1200,Bradison Boutilier
2021,14401,Distance 4,13,R11,Penobscot,R Class,Lindsay Merrithew
2021,14401,IOD,3,CAN 9,Piper,IOD,Shawn Mulrooney
2021,14401,Distance 2,3,CAN 8,Poohsticks,J 92,Colin Mann
2021,14401,Bluenose,2,B 347,Privateer,Bluenose,Connor Mraz
2021,14401,Distance 1,10,CAN 52556,Ramillies,Beneteau First 44.7,David Wilson
2021,14401,Bluenose,4,B85,Rebel,Bluenose,Thomas Murphy
2021,14401,IOD,4,11,Restless,IOD,Edward Murphy
2021,14401,Distance 4,6,4097,Roguewave,Viking 28,Elizabeth Whyte
2021,14401,Bluenose,11,238,Rudolf,Bluenose,Eric Siegel
2021,14401,Bluenose,23,455,Sandpiper,Bluenose,Greg Hardy
2021,14401,Sonar,3,CAN 17,Scamp,Sonar,Alexander Ritchie
2021,14401,Distance 3,1,CAN 34429,Scotch Mist IV,J 29,Chris MacDonald
2021,14401,Bluenose,5,247,Scout,Bluenose,Michael Bowen
2021,14401,Farr 30,6,CAN 7,Second Thoughts,Farr 30,David Wedlake / Stuart Bliss / Thomas Myrden
2021,14401,Bluenose,9,CAN 266,Shaken Knot Stirred,Bluenose,Malcolm Fraser
2021,14401,C&C 99 PHRF - Inshore,3,USA 88,Showgirl2,C&C 99,Drew Bethune
2021,14401,Distance 4,11,167,Silent Majority,C&C 33,David Mosher
2021,14401,Distance 1,6,CAN 50271,Silver Lining,J 120,Carlisle Norwood
2021,14401,Bluenose,18,479,Something's Bruin,Bluenose,Steve Stairs
2021,14401,Bluenose,19,447,Spray,Bluenose,Sean Pearce
2021,14401,IOD,1,3,Squall,IOD,Peter Wickwire
2021,14401,Inshore 1,10,CAN 54,Unlimited Data,Etchells,Alan Chandler
2021,14401,J105 PHRF - Inshore,3,USA 51563,VTack,J 105,John Sapp
2021,14401,Distance 4,10,CAN 007,Valkyrie,C&C 27,Val Doan
2021,14401,Bluenose,3,282,Vera,Bluenose,Chris von Maltzahn
2021,14401,Bluenose,7,B 257,Wahoo,Bluenose,Henry Demone
2021,14401,Inshore 1,12,Can 4282,WaveRunner,J/24,Steve Countway
2021,14401,Bluenose,16,B112,Wildfire,Bluenose,Gregory Flynn
2021,14401,Distance 2,5,USA 38,Wink,J100,John Rankin
2021,14401,Farr 30,2,CAN 7,Yardsail,Farr 30,Roby Douglas
2021,14401,Distance 2,1,CAN 56,Young Blood,J 100,Larry Creaser
2021,14401,Bluenose,21,235,Zephyr,Bluenose,Ian Dickson
2022,15068,Bluenose,12,CAN 333,333,Bluenose,Nathan Reece
2022,15068,Bluenose,24,68,Adriatic,Bluenose,Stewart Creaser
2022,15068,Inshore 1,2,CAN 162,Apres Ski,Laser 28,Tony Thompson
2022,15068,Distance 4,8,006,Aqua Chica,C&C 27,nick lowe
2022,15068,Roue 20,1,CAN 27,Auster,Roue 20,Robert Merchant
2022,15068,Sonar,3,CAN 629,Barbarian,Sonar,Rob Barbara
2022,15068,Distance 4,5,5461,Bare Leg,J24,Sarah Flanagan
2022,15068,Sonar,6,CAN 755,Batty Koda,Sonar,Judy Lugar
2022,15068,Distance 1,6,Can 54554,Bella J,J 133,Ray Rhinelander
2022,15068,Roue 20,5,29,Blue Jay,Roue 20,Edward Mussett
2022,15068,Distance 1,3,CAN 1033,Blue Jay III,J/133,Matt Stokes
2022,15068,Distance 1,5,CAN 144,Brilliance,J 120,Richard Calder
2022,15068,Bluenose,28,CAN 228,Bullet,Bluenose,Alan Chandler
2022,15068,Classics - Pursuit,4,51,Butterfly  *,R-class,Jessica Brown
2022,15068,Distance 3,9,CAN 1418,Buzz,J 27,Bernd Hackstein
2022,15068,Distance 3,11,32,Catch the Wind,C&C 38,Steve Adams
2022,15068,Roue 20,3,22,Cavalier,Roue 20,Andrew J Murphy
2022,15068,Distance 1,2,CAN 39503,Chaos,Farr 395,Mark Gosine
2022,15068,IOD,3,CAN 12,Coachman,IOD,Dave Mosher
2022,15068,Inshore 1,1,142,Colmonell,C&C 33 mk 2,Scott Christie
2022,15068,Distance 2,10,CAN 25444,Crackerjack!!!,J 35,John Traves
2022,15068,Distance 2,3,CAN 69,Crows,J 100,Paul Rafuse
2022,15068,Bluenose,26,B 88,Crusader,Bluenose,Dave Tzagarakis
2022,15068,Bluenose,2,342,Dark 'n' Stormy,Bluenose,Julie Mosher
2022,15068,Inshore 1,6,CAN 33149,Dark Water,C&C 33,Donald K Walker
2022,15068,Bluenose,15,469,Dart,Bluenose,John Grantmyre
2022,15068,Distance 1,7,CAN 4095,Deviation,Farr 40,Stu McCrea
2022,15068,Roue 20,4,Can 28,Devious,Roue20,Jim Spatz
2022,15068,Bluenose,31,225,Dionysus II,Bluenose,Jonathan Williams
2022,15068,Distance 2,2,Can 95,DogParty,J-100,Terry McKenna
2022,15068,Distance 1,8,CAN 50500,Dragonfly,J 130,Keith Amirault
2022,15068,Sonar,2,CAN 571,Echo,Sonar,John Franklin
2022,15068,IOD,6,CAN 7,Elida,IOD,Jay Nadelson
2022,15068,IOD,2,CAN 5,Enigma,IOD,Steven Bush
2022,15068,Distance 3,1,CAN 56,Equinox 99,C&C 99,Rod Stright
2022,15068,Distance 2,4,42416,Even Flow,Thomas 35,Graham Roy
2022,15068,Distance 2,7,CAN 229,Falcon,J 35,Todd Wilson
2022,15068,Bluenose,32,379,Faster,Bluenose,Shannon Black
2022,15068,Bluenose,17,CAN 274,Feather,Bluenose,Carlisle Norwood
2022,15068,Bluenose,9,CAN 101,Fish 'n Chips,Bluenose,Christian Luthi
2022,15068,Distance 4,7,71,Flashdance,C&C 27,Donald Gass
2022,15068,Inshore 1,3,256,Flux,J 30,Jordan MacNeil
2022,15068,Bluenose,5,22,Geronimo,Bluenose,Aaron Stonehouse
2022,15068,Bluenose,6,CAN 182,Ghost,Bluenose,Evan Oulahen
2022,15068,Bluenose,23,246,Good Energy,Bluenose,Colin Campbell
2022,15068,Distance 4,1,CAN 87,Good Friday,C&C 32,Philip Burchinshaw
2022,15068,Farr 30,5,CAN 47,Goose,Farr,Ben Maloney
2022,15068,Distance 3,8,Can 317,Great White,J70,Mitch Horn
2022,15068,Bluenose,29,957,Green Boat,Bluenose,Anna Millar
2022,15068,Distance 4,4,480,Gryphon,C&C 29 Mk 2,Harry Fitzgerald
2022,15068,Bluenose,7,Can 162,Hackmatack,Bluenose,nicholas spencer Lewin
2022,15068,Distance 1,1,51111,Hard Eight,Tripp 41,Savannah Taylor
2022,15068,Classics - Pursuit,7,D207,Harmony,International folk boat,Arif Samad
2022,15068,Classics - Pursuit,1,P 1,Hayseed IV,Wm Gardner P,Christopher Wurts
2022,15068,Distance 3,7,57,Head Games,J 29,Terry Schnare
2022,15068,Farr 30,3,CAN 65,Headfirst3,Farr 30,Peter Toombs
2022,15068,Bluenose,25,B66,Hornpipe,Blunose Wood,Mathew Murphy
2022,15068,Distance 4,3,CAN 131,Hotspur,Santana 23,Tyson Hynes
2022,15068,IOD,4,CAN 9,Hustler,IOD,Ivan fitch Casey leblanc
2022,15068,Distance 3,12,Nor 6543,Impuls,Jeanneau sun Legend 41,Kolbjørn Østhaug
2022,15068,Classics - Pursuit,3,Can 131,Intrigue,Dragon,Bryan Palfreyman
2022,15068,Bluenose,16,B 47,Island Girl,Bluenose,Jasper Waldman
2022,15068,Distance 3,5,CAN 329,Jaeger,J 29,Chris Power
2022,15068,J105,4,USA 500,Jahmon,J 105,Carl Davis
2022,15068,Inshore 1,4,CAN 008,Just Add Water,J 30,Jesleine Baker
2022,15068,Distance 4,2,566,King of Normandy,C&C 27 mk3,François Guitton
2022,15068,J105,3,CAN 606,MOJO,J 105,James Mosher
2022,15068,Distance 2,5,CAN 34539,MacIntosh,Custom,Durk Steigenga
2022,15068,Bluenose,19,116,Mahaska,Bluenose,Andreas Demone
2022,15068,Farr 30,2,CAN 66,Matador,Farr 30,Gregory Blunden
2022,15068,J105,1,CAN 506,McMac,J 105,Sean McDermott / Rory MacDonald
2022,15068,Bluenose,27,70,Mercury,Bluenose,Ross Porter
2022,15068,Bluenose,14,b 634,Miss Behavior,bluenose,Ross Romney
2022,15068,Distance 3,10,CAN 25333,Natural High,Soverel 33,Shayne Hall
2022,15068,Distance 2,9,CAN 54,Njord,B 36.7,Blaine MacNeil
2022,15068,Inshore 1,5,CAN 34855,On The Verge,C&C 33,Steven Robertson
2022,15068,Farr 30,4,CAN 28,One More Time,Farr 30,Rob Gale
2022,15068,Distance 3,2,222,Painkiller,J 29,Paul Fillbee-Dexter
2022,15068,Distance 2,11,CAN 25,Pandora,C&C 115,Peter Bromley
2022,15068,Distance 3,4,117,Paradigm Shift,J29,DON Williams
2022,15068,Sonar,1,CAN 754,Ping,Sonar,Andreas Josenhans
2022,15068,Distance 3,3,CAN 8,Poohsticks,J 92,Colin Mann
2022,15068,Roue 20,2,35,Presto,Roue,Gilles Comeau
2022,15068,Bluenose,1,B 347,Privateer,Bluenose,Connor Mraz
2022,15068,Distance 4,9,CAN 323,ROAM *,Beneteau 323,Stephen Perrott
2022,15068,Inshore 1,7,CAN 238,Raido,Laser 28,Keith Davidson
2022,15068,Distance 1,4,CAN 52556,Ramillies,Beneteau First 44.7,David Wilson
2022,15068,Bluenose,4,B85,Rebel,Bluenose,Thomas Murphy
2022,15068,Bluenose,21,B 138,Res III,Bluenose,Mike Hill
2022,15068,IOD,5,11,Restless,IOD,Ted Murphy
2022,15068,Distance 4,6,4097,Roguewave,Viking 28,Elizabeth Whyte
2022,15068,Classics - Pursuit,5,FKC 21,Rondo,Folkboat (Nordic),Dayna Nelder
2022,15068,Bluenose,10,238,Rudolf,Bluenose,Eric Siegel
2022,15068,Distance 2,8,CAN 54963,Rush,11m OD,Andrew Boswell
2022,15068,Sonar,4,CAN 835,SOT After,Sonar,Thomas Dauphinee
2022,15068,Bluenose,30,Can 455,Sandpiper,Bluenose,Jeff Sears
2022,15068,Sonar,7,CAN 17,Scamp,Sonar,Alexander Ritchie
2022,15068,Distance 3,6,CAN 34429,Scotch Mist IV,J 29,Chris MacDonald
2022,15068,Bluenose,8,247,Scout,Bluenose,Michael Bowen
2022,15068,Farr 30,6,CAN 29,Second Thoughts,Farr 30,Thomas Myrden
2022,15068,Bluenose,3,CAN 266,Shaken Knot Stirred,Bluenose,Malcolm Fraser
2022,15068,Sonar,5,CAN 425,Shananagans,Sonar,Anne Robinson
2022,15068,J105,2,CAN USA 62,Shipyard J105,J105,Capt. Bradison Boutilier
2022,15068,Bluenose,18,479,Something's Bruin,Bluenose,Steve Stairs
2022,15068,Distance 1,9,49,Spice,J/44,Chris Campbell
2022,15068,Bluenose,22,723,Spray,Bluenose,Sean Pearce
2022,15068,IOD,1,13,Storm,IOD,Peter Wickwire
2022,15068,Bluenose,13,B 227,TEAZER,Bluenose,Jason Mraz
2022,15068,Classics - Pursuit,2,KR 1511,Terpsichore *,S&S 34,Bill Haliburton
2022,15068,J105,5,USA 51563,VTack,J 105,John Sapp
2022,15068,Distance 4,10,Can 077,Valkyrie *,C&C,Val Doan
2022,15068,Bluenose,11,282,Vera,Bluenose,Chris von Maltzahn
2022,15068,Classics - Pursuit,6,13612,Vixen *,F&C40,Scott Covey
2022,15068,Bluenose,20,257,Wahoo,Bluenose,Henry Demone
2022,15068,Distance 2,6,USA 38,Wink,J 100,John Rankin
2022,15068,Farr 30,1,CAN 7,Yardsail,Farr 30,Roby Douglas
2022,15068,Distance 2,1,CAN 56,Young Blood,J 100,Larry Creaser
2023,15681,Bluenose,21,CAN 333,333,Bluenose,Hubert Watlington
2023,15681,Bluenose,23,Can 68,Adriatic,Bluenose,Stewart Creaser
2023,15681,Distance 1,12,CAN 5095,Agincourt,Farr 40,Bob Cragg
2023,15681,Inshore 2,2,CAN 162,Apres Ski,Laser 28,Tony Thompson
2023,15681,Pursuit 2,1,CAN 27,Auster,Roue 20,Robert/Ann Merchant/Power
2023,15681,Sonar,2,CAN 629,Barbarian,Sonar,Rob Barbara
2023,15681,Distance 1,10,CAN 35034,Barchetta,1D35,Steve Davies
2023,15681,Inshore 2,10,5461,Bare Leg,J24,Sarah Flanagan
2023,15681,Distance 1,7,CAN 54554,Bella J,J133,Raymond Rhinelander
2023,15681,Distance 1,13,CAN 51450,Black Pearl,J 120,ross leighton
2023,15681,Inshore 2,12,256,Boat X,J30,Shaun Carey
2023,15681,Distance 1,4,CAN 144,Brilliance,J 120,Richard Calder
2023,15681,Pursuit 1,7,51,Butterfly*,R-Class,Jessica Brown
2023,15681,Inshore 2,13,CAN 1418,Buzz,J 27,Bernd Hackstein
2023,15681,Inshore 1,13,32,Catch the Wind,C&C 38,Steve Adams
2023,15681,Pursuit 2,4,22,Cavalier,Roue 20,Andrew J Murphy
2023,15681,Distance 1,6,CAN 39503,Chaos,Farr 395,Mark Gosine
2023,15681,IOD,2,Can 12,Coachman,IOD,Dave Mosher
2023,15681,Inshore 2,4,142,Colmonell,C&C 33,Scott Christie
2023,15681,Inshore 2,3,CAN 133,Completely Wound Up,Laser 28,Greg Jordan
2023,15681,Distance 2,7,CAN 25444,Crackerjack!!!,J 35,John Traves
2023,15681,Distance 2,3,CAN 69,Crows,J 100,Paul Rafuse
2023,15681,Bluenose,22,B 88,Crusader,Bluenose,Dave Tzagarakis
2023,15681,Bluenose,19,342,Dark 'n' Stormy,Bluenose,Julie Mosher
2023,15681,Inshore 2,5,CAN 33149,Dark Water,C&C 33,Donald K Walker
2023,15681,Bluenose,14,469,Dart,Bluenose,John Grantmyre
2023,15681,Distance 1,1,CAN 51918,Deviation,Farr 40,Stu McCrea
2023,15681,Pursuit 2,5,Can 28,Devious,Roue20,Jim Spatz
2023,15681,Distance 2,2,Can 95,DogParty,J-100,Terry Mckenna
2023,15681,Sonar,3,CAN 571,Echo,Sonar,John Franklin
2023,15681,Inshore 2,7,CAN 7,Elida*,IOD,Jay Nadelson
2023,15681,Distance 2,6,CAN 229,Falcon,J 35,Todd Wilson
2023,15681,Bluenose,25,379,Faster,Bluenose,Shannon Black
2023,15681,Bluenose,30,274,Feather,Bluenose,Mike Wilson
2023,15681,Bluenose,13,CAN 101,Fish 'n Chips,Bluenose,Christian Luthi
2023,15681,Distance 4,2,71,Flashdance,C&C 27 mkV,Donald Gass
2023,15681,Bluenose,17,B221,Flying Scotsman,Bluenose,Mark Dunkley
2023,15681,Inshore 1,1,CAN 4,Fourplay,Melges 24,Justin BEAN
2023,15681,Bluenose,3,22,Geronimo,Bluenose,Drew Mitchell
2023,15681,Pursuit 1,1,CAN 4964,Gersemi,Viking 33,Paul Bezanson
2023,15681,Bluenose,2,CAN 182,Ghost,Bluenose,Evan Oulahen
2023,15681,Bluenose,16,246,Good Energy,Bluenose,Colin Campbell
2023,15681,Distance 4,1,CAN 87,Good Friday,C&C 32,Philip Burchinshaw
2023,15681,Inshore 1,10,Can 317,Great White,J70,Mitchell Horn
2023,15681,Distance 4,4,480,Gryphon,C&C 29 Mk 2,Harry Fitzgerald
2023,15681,Bluenose,18,Can 162,Hackmatack,Bluenose,Nicholas Lewin
2023,15681,Distance 1,8,CAN 51111,Hard Eight,Tripp41,Savannah Taylor
2023,15681,Pursuit 2,6,D207,Harmony *,International folk boat,Arif Samad
2023,15681,Pursuit 1,3,1,Hayseed IV,P Class,Stephen Dauphinee
2023,15681,Inshore 1,2,57,Head Games,J 29,Terry Schnare
2023,15681,Farr 30,2,CAN 65,HeadFirst3,Farr30,Peter Toombs
2023,15681,Distance 1,5,15005,Helix,J 120,Jordan MacNeil
2023,15681,Inshore 2,6,34440,Highlander,Dehler db1,Dan Pride
2023,15681,Bluenose,1,BN 112,Hot Sauce,Bluenose,Lisa Ross
2023,15681,Distance 4,5,131,Hotspur,Santana 23,Tyson Hynes
2023,15681,Pursuit 2,2,can 131,Intrigue,International Dragon,Bryan Palfreyman
2023,15681,Inshore 1,9,CAN 329,Jaeger,J 29,Chris Power
2023,15681,J105,5,USA 500,Jahmon,J 105,Carl Davis
2023,15681,Distance 1,2,CAN 78,Jane,J 120,Andrew Childs
2023,15681,Inshore 1,12,214,Joyride,J 29,Kevin Dempsey
2023,15681,Inshore 1,11,CAN 491,Joyridin',J70,Graeme Carr
2023,15681,Inshore 2,1,CAN 008,Just Add Water,J 30,Jesleine Baker
2023,15681,Distance 4,3,566,King of Normandy,C&C 27 mk3,François Guitton
2023,15681,Sonar,7,CAN 755,Lugar,Sonar,Judy Lugar
2023,15681,Distance 2,5,CAN 34539,MacIntosh,Custom,Durk Steigenga
2023,15681,Bluenose,10,B 116,Mahaska,Bluenose,Elliott/Erik Demone/Koppernaes
2023,15681,Farr 30,4,CAN 66,Matador,Farr 30,Gregory Blunden
2023,15681,J105,1,CAN CAN506,McMac,J105,Sean/Rory McDermott/Macdonald
2023,15681,Bluenose,5,69,Miss Behavior,Bluenose,Ross Romney
2023,15681,J105,4,CAN 606,MoJo,J 105,James Mosher
2023,15681,Sonar,6,CAN 462,Model T,Sonar,Graham Hart
2023,15681,Bluenose,32,253,MoneyShot,Bluenose,Casey Leblanc
2023,15681,Farr 30,1,47,Mongoose,Farr 30,Ben Maloney
2023,15681,Distance 2,8,CAN 54,Njord,B 36.7,Blaine MacNeil
2023,15681,Pursuit 1,5,23,OUT 'N ABOAT*,J 9,Don McAlpine
2023,15681,Inshore 2,9,CAN 34855,On The Verge,C&C 33,Steven Robertson
2023,15681,Farr 30,3,CAN 28,One More Time,Farr 30,Rob Gale / Ed Steeves
2023,15681,Distance 1,11,71221,Overdraft,Henderson 30,James Gogan
2023,15681,Distance 4,7,11,Owes Me Nothing,Express 20,Andrew Bell
2023,15681,Sonar,1,CAN 754,PING,Sonar,Andreas Josenhans
2023,15681,Inshore 1,5,222,Painkiller,J 29,Paul Fillbee-Dexter
2023,15681,Inshore 1,4,117,Paradigm Shift,J29,don williams
2023,15681,Distance 1,14,51889,Pendragon,CM 1200,Shayne Hall
2023,15681,Pursuit 1,6,R11,Penobscot *,R Class,Lindsay Merrithew
2023,15681,Bluenose,27,382,Phantom II,Bluenose,David Wilson
2023,15681,Inshore 1,7,CAN 8,Poohsticks,J 92,Colin Mann
2023,15681,Bluenose,6,347,Privateer,Bluenose,Connor Mraz
2023,15681,Pursuit 2,7,CAN 323,ROAM *,Beneteau 323,Stephen Perrott
2023,15681,Inshore 2,11,CAN 238,Raido,Laser 28,Keith Davidson
2023,15681,Distance 1,3,39512,Rampage,Farr 395,Graham Roy
2023,15681,Bluenose,11,B85,Rebel,Bluenose,Thomas Murphy
2023,15681,Bluenose,8,B 138,Res III,Bluenose,Mike Hill
2023,15681,IOD,3,CAN 11,Restless,IOD,Ted Murphy
2023,15681,Distance 4,6,4097,Roguewave,Viking 28,Elizabeth Whyte
2023,15681,Inshore 2,8,863181,Rollback,Laser28,Margo Coughlin
2023,15681,Bluenose,31,238,Rudolf,Bluenose,Eric Siegel
2023,15681,Inshore 1,6,CAN 31991,Rumblefish,J 29,Matt Wawrzyszyn
2023,15681,Distance 2,4,CAN 105,Rush,11M OD,Andrew Boswell
2023,15681,Sonar,5,CAN 835,SOT After,Sonar,Olin Bailly
2023,15681,Bluenose,28,82,Sandpiper,Bluenose,Geoffrey Dalzell
2023,15681,Inshore 1,3,CAN 34429,Scotch Mist 40,J 29,Chris MacDonald
2023,15681,Bluenose,9,247,Scout,Bluenose,Michael Bowen
2023,15681,Farr 30,6,CAN 29,Second Thoughts,Farr 30,Wedlake / Bliss / Myrden
2023,15681,Pursuit 1,2,CAN P3,Seneca *,P Class,David Creighton
2023,15681,Bluenose,15,CAN 266,Shaken Knot Stirred,Bluenose,Malcolm Fraser
2023,15681,J105,2,USA 351,Shipyard J105,J105,Bradison Boutilier
2023,15681,Sonar,4,CAN 366,So-Gnarly,Sonar,Thomas Dauphinee
2023,15681,Bluenose,20,479,Something's Bruin,Bluenose,Steve Stairs
2023,15681,Bluenose,24,B 284,Spectre,Bluenose,Emily Petley-Jones
2023,15681,Distance 1,9,49,Spice,J 44,Chris Campbell
2023,15681,Bluenose,29,723,Spray,Bluenose,Sean Pearce
2023,15681,Inshore 1,8,Can 800,Spray,Etchell,Rebecca Swan
2023,15681,IOD,1,13,Storm,IOD,Peter Wickwire
2023,15681,Bluenose,7,227,Teazer,Bluenose,Jason Mraz
2023,15681,Pursuit 2,3,KR 1511,Terpsichore,S&S 34,Bill Haliburton
2023,15681,Distance 4,9,14915,To'Mater 3,C&C 25,Warren Webber
2023,15681,Bluenose,26,CAN 124,Troubadour,bluenose class sloop,Paul Conrod
2023,15681,J105,3,USA 51563,VTack,J 105,John Sapp
2023,15681,Bluenose,12,282,Vera,Bluenose,Chris von Maltzahn
2023,15681,Pursuit 1,4,CAN Q5,Virginia,Universal Q,John w Jr Wurts
2023,15681,Bluenose,4,B 257,Wahoo,Bluenose,Henry Demone
2023,15681,Distance 4,8,117,Wai Whare,S2 7.9,Anthony Steven
2023,15681,Distance 4,10,6307,Windward,Hunter 30-2,Jeff Bethune
2023,15681,Farr 30,5,Can 7,Yardsail,Farr 30,Ryan Gallant/ Nathan Dunn/ Jennifer Aftanas
2023,15681,Distance 2,1,CAN 56,Young Blood,J 100,Larry Creaser
2024,16408,Farr 30,7,USA 30,.30-30,FARR 30,Andre Beese
2024,16408,Bluenose,7,CAN 333,333,Bluenose,Mark Surrette
2024,16408,J70 Canadian Championship,4,CAN 404,7th Heaven,J 70,Kelly Hansen
2024,16408,Bluenose,23,Can 68,Adriatic,Bluenose,Stewart Creaser
2024,16408,Bluenose,17,CAN 469,Afterglow,Bluenose,Nathan Reece
2024,16408,PHRF-NS B 2,1,CAN 162,Apres Ski,Laser 28,Tony Thompson
2024,16408,J 105,2,CAN 211,Auster II,J105,Robert Merchant
2024,16408,Sonar,2,CAN 629,Barbarian,Sonar,Rob Barbara
2024,16408,PHRF-NS A 1,2,CAN 35034,Barchetta,1D35,Steve Davies
2024,16408,PHRF-NS B 3,7,ARG 5461,Bare Leg,J 24,Sarah Flanagan
2024,16408,Sonar,5,Can 755,Batty,Sonar,Brian Todd
2024,16408,J 105,3,CAN 351,Bear,J/105,Evan Oulahen
2024,16408,PHRF-NS A 1,9,CAN 54554,Bella J,J133,Grace Flemming
2024,16408,PHRF-NS A 1,10,Can 51450,Black Pearl,J 120,Ross Leighton
2024,16408,J70 Canadian Championship,6,CAN 357,Boost,J70,Lucas Veinotte
2024,16408,PHRF-NS A 1,8,CAN 144,Brilliance,J 120,Richard Calder
2024,16408,Classics/Pursuit A,9,USA 51,Butterfly ***,R-Boat,JESSICA BROWN
2024,16408,PHRF-NS B 2,7,256,CAREY ON,J 30,Shaun Carey
2024,16408,Bluenose,25,CAN 225,Cauldron,Bluenose,David Regan
2024,16408,Classics/Pursuit B,4,22,Cavalier,Roue 20,Andrew J Murphy
2024,16408,PHRF-NS A 1,4,CAN 39503,Chaos,Farr 395,Mark Gosine
2024,16408,IOD,2,Can 12,Coachman,IOD,Dave Mosher
2024,16408,J 105,8,323,Colmonell,J-105,Scott Christie
2024,16408,J70 Canadian Championship,8,CAN 337,Cookie Monster,J70,Reid Blynn
2024,16408,PHRF-NS A 2,7,CAN 25444,Crackerjack!!!,J 35,John Traves
2024,16408,PHRF-NS A 2,2,CAN 69,Crows,J/100,Paul Rafuse
2024,16408,Bluenose,22,B 88,Crusader,Bluenose,Dave Tzagarakis
2024,16408,Bluenose,18,342,Dark 'n' Stormy,Bluenose,Julie Mosher
2024,16408,PHRF-NS B 2,3,CAN 33149,Dark Water,C&C 33,Donald K Walker
2024,16408,Classics/Pursuit B,8,USA 24,Devious,,Jim Spatz
2024,16408,PHRF-NS A 2,1,Can 95,DogParty,J-100,Terry Mckenna
2024,16408,Sonar,3,CAN 571,Echo,Sonar,John Franklin
2024,16408,PHRF-NS B 3,3,582,Enchantress,C&C 25 Mk2,Blair Taylor
2024,16408,Classics/Pursuit A,4,CAN 56,Equinox,C&C 99,Rod Stright
2024,16408,PHRF-NS A 2,5,CAN 229,Falcon,J 35,Todd Wilson
2024,16408,Bluenose,6,CAN 101,Fish 'n Chips,Bluenose,Christian Luthi
2024,16408,PHRF-NS B 3,2,71,Flashdance,C&C 27 mkV,Donald Gass
2024,16408,Bluenose,20,B219,Flying Scotsman,Bluenose,Mark Dunkley
2024,16408,PHRF-NS B 1,1,CAN 4,Fourplay,Melges 24,Justin Bean
2024,16408,Bluenose,5,22,Geronimo,Bluenose,Aaron Stonehouse
2024,16408,Classics/Pursuit A,7,4964,Gersemi,Viking 33,Paul Bezanson
2024,16408,Bluenose,16,CAN 246,Good Energy,Bluenose,John Campbell
2024,16408,PHRF-NS B 3,1,CAN 87,Good Friday,C&C 32,Chris Davison
2024,16408,Farr 30,2,CAN 29,Goose,Farr 30,Ben Maloney
2024,16408,J70 Canadian Championship,1,CAN 317,Great White,J70,Mitchell Horn
2024,16408,J 105,7,627,Gryphon,J105,Harry Fitzgerald
2024,16408,PHRF-NS A 1,5,51111,Hardeight,Tripp 41,Savannah Taylor
2024,16408,Classics/Pursuit A,5,P1,Hayseed,Classic,Derek Prest
2024,16408,PHRF-NS B 1,5,57,Head Games,J 29,Terry Schnare
2024,16408,Farr 30,1,Can 65,Headfirst3,Farr 30,Peter Toombs
2024,16408,PHRF-NS A 1,6,15005,Helix,J 120,Jordan MacNeil
2024,16408,Bluenose,2,BN 112,Hot Sauce,Bluenose,Lisa Ross
2024,16408,PHRF-NS B 3,5,CAN 131,Hotspur,Santana 23,Tyson Hynes
2024,16408,PHRF-NS B 1,9,CAN 329,Jaeger,J 29,Chris Power
2024,16408,J 105,4,USA 500,Jahmon,J 105,Carl Davis
2024,16408,PHRF-NS A 1,3,CAN 78,Jane,J 120,Andrew Childs
2024,16408,PHRF-NS B 1,13,214,Joyride,J 29,Kevin Dempsey
2024,16408,J70 Canadian Championship,3,CAN 491,Joyridin',J70,Graeme Carr
2024,16408,PHRF-NS B 2,2,CAN 008,Just Add Water,J 30,Jesleine Baker
2024,16408,Classics/Pursuit B,7,351,Just Rite ***,Beneteau Oceanis 351,Barry BAKER
2024,16408,PHRF-NS B 3,6,566,King of Normandy,C&C 27 mk3,François Guitton
2024,16408,Bluenose,27,407,LIebchen,Bluenose,Jay Nadelson
2024,16408,J70 Canadian Championship,2,CAN 314,Lifted,J70,Federico Donzino
2024,16408,PHRF-NS B 1,6,53100,Liquid Asset,J29,Ryan Morris
2024,16408,Bluenose,28,379,Lone Star,Bluenose,Shannon Black
2024,16408,J 105,5,CAN 606,MOJO,J 105,James Mosher
2024,16408,Classics/Pursuit A,3,CAN 34539,MacIntosh,Custom,Durk Steigenga
2024,16408,Bluenose,10,116,Mahaska,Bluenose,Andreas Demone
2024,16408,J70 Canadian Championship,5,CAN 72,Manitou,J70,Rick Lalonde
2024,16408,Farr 30,4,CAN 66,Matador,Farr 30,Gregory Blunden
2024,16408,J 105,1,CAN 506,McMac,J105,Sean/Rory McDermott/Macdonald
2024,16408,Bluenose,4,69,Miss Behavior,Bluenose,Ross Romney
2024,16408,Sonar,6,CAN 462,Model T,Sonar,Graham Hart
2024,16408,Bluenose,21,253,Money shot,Bluenose,Ivan fitch Casey leblanc
2024,16408,PHRF-NS A 2,6,34591,Narwhal 5,Dash 34 custom,Allister Roy
2024,16408,Classics/Pursuit A,10,CAN 54,Njord,B 36.7,Blaine MacNeil
2024,16408,Classics/Pursuit A,12,23,OUT 'N ABOAT ***,J 9,Don McAlpine
2024,16408,PHRF-NS B 2,6,CAN 34855,On The Verge,C&C 33,Steven Robertson
2024,16408,Farr 30,3,CAN 28,One More Time,Farr 30,Rob Gale
2024,16408,Bluenose,30,CAN 221,One Way Ticket,Bluenose,Derek Leighton
2024,16408,PHRF-NS A 1,7,USA 51918,Overdraft X,Farr 40 Turbo,James Gogan
2024,16408,Sonar,7,CAN 415,PI,Sonar,Matt Shaw
2024,16408,Sonar,1,CAN 754,PING,Sonar,Andreas Josenhans
2024,16408,PHRF-NS B 1,4,222,Painkiller,J 29,Paul Fillbee-Dexter
2024,16408,PHRF-NS A 1,12,CAN 51889,Pendragon,CM 1200,Shayne Hall
2024,16408,PHRF-NS B 1,10,CAN 41465,Persistence,Frers 33,Mike / Heather Hoyt
2024,16408,Bluenose,29,382,Phantom II,Bluenose,David Wilson
2024,16408,J70 Canadian Championship,7,CAN 1160,Point Eight,J 70,Peggy Bethune
2024,16408,PHRF-NS B 1,3,CAN 8,Poohsticks,J 92,Colin Mann
2024,16408,Bluenose,8,USA 347,Privateer,Bluenose,Connor Mraz
2024,16408,Classics/Pursuit B,6,CAN 323,ROAM ***,Beneteau 323,Stephen Perrott
2024,16408,PHRF-NS B 2,5,CAN 238,Raido,Laser 28,Keith Davidson
2024,16408,PHRF-NS A 1,1,CAN 39512,Rampage,Farr 395,Graham Roy
2024,16408,Bluenose,3,B85,Rebel,Bluenose,Thomas Murphy
2024,16408,Bluenose,19,B 138,Res III,Bluenose,Mike Hill
2024,16408,IOD,3,11,Restless,IOD,Ted Murphy
2024,16408,PHRF-NS B 3,9,4097,Roguewave,Viking 28,Elizabeth Whyte
2024,16408,PHRF-NS B 2,4,863181,Rollback,Laser28,Margo Coughlin
2024,16408,Classics/Pursuit B,3,FKC 21,Rondo,Folkboat,Dayna Nelder
2024,16408,PHRF-NS B 1,11,CAN 31991,Rumblefish,J 29,Matt Wawrzyszyn
2024,16408,PHRF-NS A 2,4,CAN 105,Rush,11m OD,Andrew Boswell
2024,16408,PHRF-NS B 1,8,117,SHIFT,J29,Don Williams
2024,16408,Sonar,4,CAN 835,SOT After,Sonar,Thomas Dauphinee
2024,16408,PHRF-NS B 1,2,CAN 34429,Scotch Mist IV,J 29,Chris MacDonald
2024,16408,Bluenose,14,247,Scout,Bluenose,Michael Bowen
2024,16408,Farr 30,6,CAN 7,Second Thoughts,Farr 30,Wedlake / Bliss / Myrden
2024,16408,Classics/Pursuit A,1,P 3,Seneca ***,P Class,David Creighton
2024,16408,Bluenose,9,CAN 266,Shaken Knot Stirred,Bluenose,Malcolm Fraser
2024,16408,PHRF-NS A 1,11,CAN 50271,Silver Lining,J120,Carlisle Norwood
2024,16408,Bluenose,15,BER 190,Sirenuse,Bluenose,Hubert Watlington
2024,16408,Bluenose,11,479,Something's Bruin,Bluenose,Steve Stairs
2024,16408,Classics/Pursuit A,6,49,Spice,J/44,Chris Campbell
2024,16408,Bluenose,26,238,Spoum,Bluenose,Mathieu Dever
2024,16408,PHRF-NS B 1,7,CAN 800,Spray,Etchell,Rebecca Swan
2024,16408,Bluenose,24,B139,Stealth,Bluenose,Gregory Flynn
2024,16408,PHRF-NS B 3,4,24925,Sting,Kirby 25,Andrew Bell
2024,16408,IOD,1,13,Storm,IOD,Peter Wickwire
2024,16408,Bluenose,13,227,Teazer,Bluenose,Jason Mraz
2024,16408,Classics/Pursuit B,1,KR 1511,Terpsichore,S&S 34,Bill Haliburton
2024,16408,Classics/Pursuit B,2,14915,To'Mater 3 ***,C&C,Warren Webber
2024,16408,Classics/Pursuit B,5,1,Tortuga ***,C&C 30,Connor Buckley
2024,16408,J70 Canadian Championship,9,CAN 771,Trial,J 70,Aaron Drury
2024,16408,J 105,6,USA 51563,VTack,J 105,John Sapp
2024,16408,Classics/Pursuit A,2,32567,Vagrant,Morgan 366,Grant Gordon
2024,16408,Bluenose,12,282,Vera,Bluenose,Chris von Maltzahn
2024,16408,Classics/Pursuit A,8,CAN Q5,Virginia,Universal Q,John w Jr Wurts
2024,16408,PHRF-NS B 1,12,32,Vortex II,C&C 38,Steve Adams
2024,16408,Bluenose,1,B 257,Wahoo,Bluenose,Henry Demone
2024,16408,PHRF-NS B 3,8,117,Wai Whare,S2 7.9,Anthony Steven
2024,16408,Classics/Pursuit A,11,CAN 51223,Wildthing VI,Beneteau 42S7,Greg Hammond
2024,16408,PHRF-NS B 3,10,6307,Windward,Hunter 30-2,Jeff Leadbetter
2024,16408,Farr 30,5,CAN 17,Yardsail,Farr 30,Elsie Gillis
2024,16408,PHRF-NS A 2,3,CAN 56,Young Blood,J 100,Larry Creaser
2025,50001,Bluenose,11,CAN 469,Afterglow,Bluenose,Nathan Reece
2025,50001,Pursuit B,10,CAN 34505,Antares,Ontario 32,Jamie Moye
2025,50001,PHRF-NS A 1,8,CAN 40005,Ariadne,J/40,David Wilson
2025,50001,Pursuit B,12,339,Aristocat *,Nonsuch 30,Lyle Dobbin
2025,50001,PHRF-NS A - J105,2,CAN 211,Auster II,J105,Robert Merchant
2025,50001,PHRF-NS A 1,5,USA 30014,Bad Dog,C&C30 OD,Roby Douglas
2025,50001,PHRF-NS B 2 (Sport Boats),1,CAN 371,Bangarang,Melges 24,Justin Bean
2025,50001,PHRF-NS A 1,11,CAN 35034,Barchetta,1D35,Steve Davies
2025,50001,PHRF-NS A - J105,3,CAN 351,Bear,J/105,Evan Oulahen
2025,50001,PHRF-NS A 1,7,CAN 54554,Bella J,J133,Grace Flemming
2025,50001,PHRF-NS B 3,6,Can 41,Bewitched,B25,Stewart Creaser
2025,50001,Bluenose,18,190,Birdie,Bluenose,Hubert Watlington
2025,50001,PHRF-NS A 1,12,CAN 51450,Black Pearl,J 120,ross leighton
2025,50001,PHRF-NS B 1,12,CAN 5028,Boom,Olson 30 IB,Scott Lyons
2025,50001,PHRF-NS B 2 (Sport Boats),4,CAN 357,Boost,J70,Lucas Veinotte
2025,50001,PHRF-NS A 2,7,CAN 41088,Boss Lady,Nelson/Marek 39,Keith Dunphy
2025,50001,PHRF-NS A 1,4,CAN 144,Brilliance,J 120,Richard Calder
2025,50001,Pursuit A,6,CAN 256,CAREY ON,J 30,Shaun Carey
2025,50001,Bluenose,21,Can 225,Cauldron,Bluenose,David Regan
2025,50001,Bluenose,28,153,Change Order,Bluenose,Nick Lowe
2025,50001,PHRF-NS A 1,9,39503,Chaos,Farr 395 OD,Mark Gosine
2025,50001,IOD,4,Can 12,Coachman,IOD,Dave Mosher
2025,50001,PHRF-NS A - J105,6,323,Colmonell,J/105,Scott Christie
2025,50001,PHRF-NS A 2,8,CAN 25444,Crackerjack!!!,J 35,John Traves
2025,50001,PHRF-NS B 2 (Sport Boats),5,CAN 150,Critcal Mass,J/80,Lindsay McRory
2025,50001,PHRF-NS A 2,4,CAN 69,Crows,J/100,Paul Rafuse
2025,50001,Bluenose,16,B 88,Crusader,Bluenose,Dave Tzagarakis
2025,50001,Bluenose,12,342,Dark 'n' Stormy,Bluenose,Julie Mosher
2025,50001,PHRF-NS B 3,2,CAN 33149,Dark Water,C&C 33,Donald K Walker
2025,50001,PHRF-NS B 4,7,1934,Deep Water,J/24,Nathan Parsons
2025,50001,PHRF-NS B 4,1,CAN 87,Dirty Blonde - Good Friday,C&C32,Percy MacDonald
2025,50001,PHRF-NS A 2,2,CAN 95,DogParty,J-100,Terry McKenna
2025,50001,PHRF-NS A 1,10,CAN 50500,Dragonfly,J 130,Keith Amirault
2025,50001,PHRF-NS A - J105,9,CAN 241,Eastern Passage,J/105,John Heseltine
2025,50001,Sonar,1,CAN 571,Echo,Sonar,John Franklin
2025,50001,PHRF-NS B 1,13,CAN 29,Eclipse,C&C 99,Tyler Ford
2025,50001,PHRF-NS B 4,4,582,Enchantress,C&C 25 Mk2,Blair Taylor
2025,50001,IOD,2,5,Enigma,IOD,Max Flinn
2025,50001,PHRF-NS B 1,4,CAN 56,Equinox,C&C 99,Rod Stright
2025,50001,PHRF-NS A 2,3,CAN 229,Falcon,J 35,Todd Wilson
2025,50001,Bluenose,17,Can 274,Feather,Bluenose,Carlisle Norwood
2025,50001,Bluenose,24,CAN B 164,Fireball,Bluenose,Mike Evans
2025,50001,Bluenose,13,CAN 101,Fish 'n Chips,Bluenose,Christian Luthi
2025,50001,PHRF-NS A 2,6,CAN 1046,Five of Harts,Beneteau First 10R,Gordon Hart
2025,50001,Pursuit B,2,71,Flashdance,C&C 27 mkV,Donald Gass
2025,50001,Bluenose,6,22,Geronimo,Bluenose,Aaron Stonehouse
2025,50001,Pursuit A,1,Can 4964,Gersemi,Viking 33,Paul Bezanson
2025,50001,Farr 30,3,CAN 29,Goose,Farr 30,Ben Maloney
2025,50001,PHRF-NS B 2 (Sport Boats),2,CAN 317,Great White,J70,Mitchell Horn
2025,50001,PHRF-NS A - J105,8,627,Gryphon,J105,Harry Fitzgerald
2025,50001,Bluenose,3,Can 162,Hackmatack,Bluenose,Nicholas Lewin
2025,50001,Pursuit A,7,CAN 14909,Hardtack,C&C 33,Brian Donohue
2025,50001,Pursuit B,6,D207,Harmony,International folk boat,samad arif
2025,50001,PHRF-NS B 1,3,57,Head Games,J 29,Terry Schnare
2025,50001,Farr 30,2,CAN 65,HeadFirst3,Farr 30,Peter Toombs
2025,50001,PHRF-NS A 1,6,15005,Helix,J/120,Jordan MacNeil
2025,50001,Bluenose,7,112,Hot Sauce,Bluenose,Dale Smith
2025,50001,PHRF-NS B 4,5,131,Hotspur,Santana 23,Tyson Hynes
2025,50001,Bluenose,15,B 47,Island Girl,Bluenose,Travis Blain
2025,50001,PHRF-NS B 1,6,CAN 329,Jaeger,J/29,Chris Power
2025,50001,PHRF-NS A - J105,4,USA 500,Jahmon,J 105,Carl Davis
2025,50001,PHRF-NS A 1,2,CAN 50271,Jane,J 120,Andrew Childs
2025,50001,Bluenose,25,407,Jazzy,Bluenose,Jay Nadelson
2025,50001,PHRF-NS B 3,1,CAN 008,Just Add Water,J 30,Jesleine Baker
2025,50001,Pursuit B,13,351,Just Rite *,Beneteau Oceanis 351,Barry BAKER
2025,50001,PHRF-NS B 4,2,566,King of Normandy,C&C 27 mk3,Francois Guitton
2025,50001,PHRF-NS B 1,10,53100,Liquid Asset,J29,Ryan Morris
2025,50001,PHRF-NS A - J105,7,CAN 606,MOJO,J 105,James Mosher
2025,50001,Pursuit A,3,CAN 34539,MacIntosh,Custom,Durk Steigenga
2025,50001,Bluenose,14,B 116,Mahaska,Bluenose,Andreas Demone
2025,50001,Pursuit A,8,Can 215,Manaia *,Farr 33,Hubert Ryan
2025,50001,Farr 30,1,CAN 66,Matador,Farr 30,Greg Blunden
2025,50001,PHRF-NS A - J105,1,CAN 506,McMac,J105,Sean McDermott
2025,50001,Bluenose,2,CAN 69,Miss Behaviour,Bluenose,Ross Romney
2025,50001,Bluenose,20,253,MoneyShot,Bluenose,Casey Leblanc
2025,50001,PHRF-NS A 2,5,CAN 34591,Narwhal V,Dash 34 (Modified),David Roy
2025,50001,Pursuit B,4,34529,Nautically Hip,C&C 29,Mike Wilson
2025,50001,Farr 30,4,CAN 28,One More Time,Farr 30,Rob Gale
2025,50001,PHRF-NS A 1,1,USA 40101,Overdraft X,Farr 40 Turbo,James Gogan
2025,50001,PHRF-NS B 1,2,CAN 222,Painkiller,J29,Paul Fillbe-Dexter
2025,50001,PHRF-NS A 1,13,51889,Pendragon,CM 1200,Shayne Hall
2025,50001,Sonar,2,Can 754,Ping,Sonar,Andreas Josenhans
2025,50001,PHRF-NS B 1,1,CAN 8,Poohsticks,J/92,Colin Mann
2025,50001,Bluenose,23,B 347,Privateer,Bluenose,Jason Mraz
2025,50001,Pursuit B,11,CAN 323,ROAM *,Beneteau Oceanis,Stephen Perrott
2025,50001,PHRF-NS B 3,4,CAN 238,Raido,Laser 28,Keith Davidson
2025,50001,PHRF-NS A 1,3,39512,Rampage,Farr 395,Graham Roy
2025,50001,Bluenose,4,CAN 333,Reprobates and Ringers,Bluenose,Chris Megaffin
2025,50001,Bluenose,19,B 138,Res III,Bluenose,Mike Hill
2025,50001,IOD,3,CAN 11,Restless,IOD,Ted Murphy
2025,50001,PHRF-NS B 4,8,CAN 4097,Roguewave,Viking 28,ELIZABETH WHYTE
2025,50001,PHRF-NS B 3,3,63181,Rollback,Laser28,Margo Coughlin
2025,50001,Pursuit B,5,FKC 21,Rondo,Nordic Folkboat,Dayna Nelder
2025,50001,PHRF-NS B 1,9,CAN 31991,Rumblefish,J 29,Matt Wawrzyszyn
2025,50001,Bluenose,5,455,Sandpiper,Bluenose Sloop,Lisa Ross
2025,50001,PHRF-NS B 1,5,CAN 34429,Scotch Mist,J29,Chris MacDonald
2025,50001,Bluenose,10,247,Scout,Bluenose,Michael Bowen
2025,50001,Sonar,4,1571,Seas the day,Sonar,Ava Franklin
2025,50001,Pursuit B,3,34511,Second Lady,C&C 32,Steve Mallett
2025,50001,Farr 30,6,CAN 7,Second Thoughts,Farr 30,Myrden / Wedlake / Bliss
2025,50001,Bluenose,22,B 266,Shaken Knot Stirred,Bluenose,Malcolm Fraser
2025,50001,Sonar,3,CAN 366,So-Gnarly,Sonar,Thomas Dauphinee
2025,50001,Pursuit A,4,49,Spice,J/44,Chris Campbell
2025,50001,PHRF-NS B 1,11,USD 613,Spitfire,Etchells,Alyson Petsche
2025,50001,PHRF-NS B 1,7,1342,Spray 2.0,Etchell,Ian Swan
2025,50001,Pursuit B,1,GBR 7,Squall *,IOD,Capt. Bradison Boutilier
2025,50001,PHRF-NS B 4,3,24925,Sting,Kirby 25,Andrew Bell
2025,50001,IOD,1,13,Storm,IOD,Peter Wickwire
2025,50001,Bluenose,27,CAN 221,Sun Burn,Bluenose,Tod Scott
2025,50001,Bluenose,1,B 227,Teazer,Bluenose,Connor Mraz
2025,50001,Pursuit B,8,KR 1511,Terpsichore,S&S 34,Bill Haliburton
2025,50001,PHRF-NS B 2 (Sport Boats),3,004,Tetris,Melges 24,Graham Hart
2025,50001,PHRF-NS A 2,9,CAN049,The Temerity,Beneteau First 36,Lucas Hillier
2025,50001,Pursuit B,7,14915,To'Mater 3 *,C&C,Warren Webber
2025,50001,PHRF-NS A - J105,5,USA 51563,VTack,J 105,John Sapp
2025,50001,Pursuit A,2,32567,Vagrant,Morgan 366,Grant Gordon
2025,50001,Pursuit B,9,CAN 007,Valkyrie *,C&C 27,Val Doan
2025,50001,Bluenose,26,282,Vera,Bluenose,Chris von Maltzahn
2025,50001,Pursuit A,5,32,Vortex II,C&C 38,Steve Adams
2025,50001,Bluenose,8,B 257,Wahoo,Bluenose,Henry Demone
2025,50001,PHRF-NS B 4,6,117,Wai Whare,S2 7.9,Anthony Steven
2025,50001,PHRF-NS B 1,8,CAN 79,White Boat,Etchells,Stephen Fitzgerald
2025,50001,PHRF-NS B 4,9,6307,Windward,Hunter 30-2,Jeff Leadbetter
2025,50001,PHRF-NS B 3,5,133,Wound Up,Laser 28,Richard Gerstenberger
2025,50001,Farr 30,5,CAN 17,Yardsail,Farr 30,Elsie Gillis
2025,50001,PHRF-NS A 2,1,CAN 56,Youngblood,J/100,Larry Creaser
2025,50001,Bluenose,9,can 192,buttercup,bluenose,Geoffrey Dalzell
